elevation (km),SiO2 (wt%),TiO2 (wt%),Al2O3 (wt%),FeOt (wt%),MnO (wt%),MgO (wt%),CaO (wt%),Na2O (wt%),K2O (wt%),P2O5 (wt%),Li (ppm),Be (ppm),B (ppm),Sc (ppm),V (ppm),Cr (ppm),Co (ppm),Ni (ppm),Cu (ppm),Zn (ppm),Ga (ppm),Rb (ppm),Sr (ppm),Y (ppm),Zr (ppm),Nb (ppm),Cs (ppm),Ba (ppm),La (ppm),Ce (ppm),Pr (ppm),Nd (ppm),Sm (ppm),Eu (ppm),Gd (ppm),Tb (ppm),Dy (ppm),Ho (ppm),Er (ppm),Tm (ppm),Yb (ppm),Lu (ppm),Hf (ppm),Ta (ppm),Pb (ppm),Th (ppm),U (ppm),A (wt%),A/CaO,La/Yb,Ce/Yb,Nd/Yb,Sm/Yb,Gd/Yb,Dy/Yb,Nb/Yb,Th/Yb,La/Y,Ce/Y,Nd/Y,Sr/Y,Zr/Y,Nb/Y,Th/Y,La/Sm,Ba/V,Ba/Sc,Ni/Sc,Ni/V,Cr/Sc,Cr/V,Lu/Hf,Zr/Ti
-0.89811327606134,70.7750524551359,0.564436514548143,13.8722388287873,4.36514577133613,0.150666207296538,0.870568673819571,3.07547665524147,4.56785017748923,1.38799311075925,0.140134439275264,10.98329,0.8913685,,15.0,29.659340170318,2.47382313456674,6.46189817164081,1.25243102175496,15.0897272835088,87.0,15.08785947565,19.9,173.0,44.0185,148.620762192343,1.71272120231708,1.09605132798642,329.0,11.5524916006277,23.0,4.19,18.13078,5.081745,1.36,5.88,1.02,6.649107,1.460671,4.450278,0.674633488255223,4.435,0.6805,4.3825372991271,0.117020679043855,5.48,1.66817309851414,0.584834815764847,6.19302325235193,1.9879681571634,2.21828072548039,5.46806379734097,3.94270343814452,1.13020319464571,1.28446246233226,1.46603322453541,0.341217954155822,0.356973995271868,0.249908427603916,0.552552727272727,0.439691091656174,3.70304097176575,3.33349802371542,0.0371779367577143,0.0393141370383152,1.92977637250965,15.1706168084822,25.9333333333333,0.0714285714285714,0.0603526016903714,0.146455972528286,0.136645962732919,0.170530093824787,0.0420209404352114
-0.572491398584222,67.870332375872,0.586832974925284,14.4692220737848,4.8995100489951,0.168594217564861,1.26684094108184,4.7112462006079,3.78574305275876,1.16255560048524,0.160748170208602,7.71,0.72,23.05,21.9,54.1,5.5,12.095,3.0,12.612434366808,92.9,15.5,13.64,199.2,36.4096105156246,92.0,1.8,0.613,221.085,5.13664319046324,13.2805300147887,1.94775743580726,10.06,3.05,1.0145,4.16543046420807,0.767455460384966,5.135,1.1,3.0,0.5,3.34163740018722,0.514156475026913,2.07996824665325,0.0495,4.6,0.690470539654954,0.381,5.0,1.09716599190283,1.77639679134409,4.28684647259091,3.14929577464789,1.05899354460094,1.2809884416102,1.49859974149074,0.406147767879611,0.186067415730337,0.169049621530698,0.400105569024964,0.333404164895878,4.37337433076123,2.34889434889435,0.0434258774227344,0.0184518828451883,1.63414890945821,5.85353488623581,9.26728110599078,0.120240963855422,0.0510872563718141,0.24609375,0.117000513610683,0.265091733626065,0.0224645193574753
0.085507240939502,68.7882742696516,0.501146914275758,15.1214574898785,3.87932133939152,0.132773145153942,0.974579712498985,3.4651447207501,4.2086987434734,2.06020602060206,0.135001861373206,16.5534039404718,0.805,3.88196755183444,15.852,26.119,3.535,5.641,2.0,10.424,72.0,16.3580931414972,44.65,226.3985,38.0,142.031,5.0,2.665,535.5505,20.25,41.0,5.13664215986725,21.005,5.1,1.3,5.46,0.89,5.72,1.21,3.54,0.53835095640842,3.52,0.53,4.03,0.606277628626062,12.3807839323914,7.1315,2.16199474299065,6.31546832096003,1.99130434782609,6.7479674796748,13.1390134529148,6.9044289044289,1.52100238451135,1.53703703703704,1.55696202531646,2.57008448540707,2.29910714285714,0.67867118914605,1.31509470602258,0.737209302325581,5.41146954254563,4.2713567839196,0.147511312217195,0.230769230769231,4.0921052631579,21.3328888703696,33.5593220338983,0.112831577607017,0.056703451224772,0.221394719025051,0.133574007220217,0.119359116967571,0.0480278426267227
0.434330711954163,73.7390744867072,0.315810920945395,13.9758681071914,2.22559547687584,0.0799476572970483,0.380211250280986,1.73162155276208,4.08269892652609,3.12406131098556,0.0421014648721877,25.9530586147162,1.01,4.43966903584347,9.0,9.0,4.0,5.0,5.0,35.0,35.0,15.3751537515375,108.0,126.0,27.0,179.0,9.0,3.85455274047387,758.667170425423,23.51,54.5,6.19156968372481,23.6844815158068,3.83,0.86,4.095,0.64,3.56,0.73,2.28,0.36,2.5,0.4,4.06,1.19,18.0369794679006,12.2762159900675,3.0,7.24042046210894,4.30224045012373,8.91666666666667,19.7941176470588,7.25105042016807,1.5318665377176,1.64207311658241,1.45992068427089,3.7037037037037,4.43928571428571,0.941605839416059,2.1,0.867543859649123,9.82371007371008,6.68043460056942,0.346153846153846,0.466666666666668,5.6921758715237,89.7596153846154,82.1666666666666,0.375,0.266666666666667,0.428571428571429,0.571428571428571,0.0963855421686747,0.121602664013853
1.03134037373218,69.1641452697781,0.530743040256359,15.269925585201,3.72618929397861,0.0903795952074793,0.837936618409726,2.67932845216642,4.23092394469568,2.73498057696238,0.129811944108768,22.089258,1.62,14.0,12.0,32.0,4.8,5.0,3.4108205,13.0,63.0,17.6,64.0,232.0,32.0,170.712069668764,8.346,2.14,706.0,25.0,53.5,6.23532433273252,24.6545473251029,5.44,1.195,5.26,1.0,5.46,1.17,3.41,0.54,3.58,0.54,4.985,0.51,15.0,7.88,1.9,7.32554644394374,2.66500684595314,6.19167895796179,13.6752136752137,6.92786968142744,1.64439140811456,1.56028368794326,1.60051546391753,2.46656976744186,1.52744630071599,0.846153846153846,1.81052631578947,0.766749792186201,9.94936418833773,6.15853658536585,0.316923076923077,0.210859210526316,3.91805377720871,21.6551724137931,52.3727628635347,0.401234567901235,0.117647058823529,0.375639781150724,0.153846153846154,0.105263157894737,0.0616502078801513
1.47997841638096,70.1954292348376,0.462248346368781,15.5308716101271,3.01969803019698,0.0851637314766944,0.708706691798668,2.19913245233532,4.43609581117939,3.00228750289421,0.137256693047547,30.0,4.3,31.46,5.81,32.8,4.79,3.1,4.0,13.5,74.9,19.0,70.0,274.0,28.0,229.0,11.75,3.2,810.0,27.4896,54.6,7.16791047918707,28.6555,4.92,0.81,5.39881116656512,0.86,4.2,0.85,2.538,0.490281964622233,2.84,0.435,6.4,1.0,16.0,8.75,2.78,7.73863294188498,3.41951219512195,10.0,20.4031911464489,8.97916666666667,1.81935028248588,1.58333333333333,1.55964912280702,6.1609539145771,2.83898305084746,0.914746543778802,1.95824175824176,0.914081145584726,14.7788461538462,7.82857142857143,0.363636363636364,0.277149877149877,5.33853658536585,24.3509433962264,116.467065868263,0.502652929451728,0.158947368421053,0.52012987012987,0.137306930693069,0.0643835616438356,0.0817244937262867
2.03938253526333,67.5971483080631,0.581714153995941,15.8349231850587,3.57964203579642,0.0903705191284265,1.11099989990992,3.10913257220153,4.83432369825763,2.74274274274274,0.170682732644259,35.2,2.0,,8.58,56.0,6.0,5.6,4.0,12.0,62.0,18.0,63.0,312.5,25.0,220.5,10.0,3.795,689.5,21.0,43.0,5.70859591728589,24.0,4.3,0.89,4.1,0.66,2.52,0.48,1.35,0.36,2.42,0.36,5.43,0.784,9.5,9.877,2.9,7.50928621624335,2.43768996960486,9.43867662826652,18.7230354030399,9.375854214123,1.92724867724868,1.7890221878225,1.62444444444444,3.78378378378378,4.08333333333333,0.812297734627832,1.73015873015873,0.916666666666667,14.8333333333333,9.04,0.391304347826087,0.44,5.1219512195122,11.9301438158086,76.75,0.714285714285714,0.12,0.526315789473684,0.214835164835165,0.0631578947368421,0.0632397399777894
2.49310039019482,71.9370012961885,0.367695382533136,14.7850736510429,2.08908804040581,0.07,0.507206096701957,1.49362358628925,4.40630293449016,4.13770829556226,0.0902076076961125,30.62,3.37,20.26,3.35591747394697,18.68,4.653,2.678,3.0,6.115,44.11,16.48,134.0,162.0,20.0,193.0,11.0,4.40821223639351,660.0,30.65,57.0,6.43414434567435,21.95,4.0515,0.77885,3.20499730387866,0.50275,2.966,0.61975,1.8285,0.293118521031342,2.00700473113127,0.31,5.029,0.9816,16.8927335355793,17.0,5.0,8.56095535214381,5.78669764240235,15.47338671691,27.9473684210526,10.9411117226197,2.02346789313335,1.6355145839101,1.55516573833097,5.60365637427725,7.88452285485164,1.40017455814968,2.83482142857143,1.13031116085093,28.5555555555556,10.0415762302736,0.54755366842166,0.786236995441512,7.39047619047619,30.4169036976839,166.005089058524,0.395285105464746,0.0859738784781374,0.829710144927536,0.261666666666667,0.0587529976019185,0.105784171018577
3.06286986467274,66.7403759171776,0.583383625025146,16.3451878641752,3.57429718875502,0.0696138290758055,1.53123723968967,3.85806335240653,4.4370661032297,2.71010962241169,0.163803859135584,17.5378538512179,1.82,12.4034978576586,6.8,68.0,15.2,9.22241610776407,8.0,13.0,64.0,20.25,62.0,462.0,15.4604690272605,154.0,7.8,2.11805344122159,763.71,20.2542372881356,40.8403478109093,5.01,18.45,3.46084905660377,0.95,2.8,0.378325472681389,1.97486061834769,0.380202590128811,1.03,0.167728122999154,1.10517760863456,0.170737617073755,3.5,0.418395336873988,14.3881000676133,5.1,1.45190370563271,6.92868719611021,1.79529411764706,17.8394625176803,35.4861111111111,17.3619848362605,3.42630428305221,2.74645475466906,2.06774941081485,6.55913978494624,6.87355898945303,1.52178494283757,2.97142857142857,1.47222222222222,39.2149859943978,10.3095238095238,0.494444444444444,0.470592105263158,5.80704481262026,11.7272727272727,153.488372093023,1.20654396728016,0.114285714285714,2.82513351961235,0.218803418803419,0.0426259601544798,0.0446814472748558
3.41003177443833,66.9333571123276,0.51567239635996,16.2263480819751,3.56277434204546,0.0705218617771509,1.50306748466258,4.08496732026144,4.34386391251519,2.54332888934468,0.167128954412778,22.23,1.76,7.01,6.4,73.4782133397309,15.0,10.0,7.32,15.0,61.15,19.0,72.65,414.5,11.3,122.0,7.2,3.045,701.0,21.15,40.0,4.70823368325886,17.8,3.5,0.88,2.675,0.388692519609834,1.95,0.384254683645101,1.0,0.153463163937886,1.01,0.151865663268561,4.22,0.77,15.0,7.7,3.715,6.91164495114007,1.78133333333333,21.2966070096943,41.2748091603053,16.4597701149425,3.11711884458529,2.62131289762869,2.06274509803922,7.83189655172414,8.70976409705229,2.00263435194942,3.87755102040816,1.49891736961888,52.3076923076923,9.33333333333333,0.678259216029467,0.76,5.89892294946148,10.842799188641,135.514705882353,1.38461538461538,0.125,2.27272727272727,0.2,0.0437826903232664,0.0462382269049135
3.98661356027863,67.6853268831865,0.596262299981571,15.8021148334082,3.35354247169075,0.06053537513369,1.26341298385543,3.21331350789314,3.97786753047716,3.64986904447788,0.190973984597211,23.25,1.27,,5.3,58.0,13.0,8.4,6.05556892,8.6,51.5,19.5,119.5,381.5,13.0,160.5,12.0,5.915,824.5,31.58,59.7560744611365,6.39,22.990218957977,4.206869744,1.0,3.1,0.435843450884665,2.01,0.36,1.0,0.154832119307055,1.06,0.16,4.35,1.24,19.1500617175101,12.1,4.33,7.74215060584705,2.41410058437036,29.2524813895782,56.436633737894,23.1216767015513,4.16492511320098,2.96519197596447,2.10526315789474,11.4942528735632,11.5520282186949,2.64367816091954,4.85801995395242,2.03085957030586,64.9157220071171,11.7933510335523,0.914943674572058,1.03036181831783,6.76470588235294,14.5198694457169,152.486338797814,1.38590290846066,0.170731707317073,2.71041235172284,0.292682926829268,0.0375932140007932,0.0552403826872939
4.56334791891826,69.1138227645529,0.589040239292014,15.4477768140936,2.99820107935239,0.0583078449625091,1.17600451538943,2.73409638140832,3.63782100687487,4.22211105552776,0.199660577019068,26.5994962216625,1.915,,6.1,63.6,14.0,9.0,6.0,15.0,62.0,22.0,197.0,294.777782739491,15.0,164.7,15.0,14.4990289,563.62379634,39.4803859344697,78.555,8.95,32.47845,6.3,1.1354452,4.09477971121807,0.576339,2.8,0.51,1.31,0.19,1.24598448,0.17,4.863,1.7,19.8484848484848,21.305,8.55,7.74900194492783,2.80022577458826,32.8649446351792,66.5401617250674,26.9230769230769,5.06666666666667,3.78706234207866,2.63731414749905,12.7647763578275,16.6840970350404,2.70088536714229,5.28051543246606,2.17267552182163,73.7124693627451,10.2105288697202,0.994117647058823,1.43837318460434,6.50421049703938,9.68560606060606,93.4821428571429,1.07522624434389,0.114884296323705,2.28529839883552,0.227739726027397,0.0374045463280797,0.0504638523341153
4.90342165857317,69.1173385442835,0.572462283489753,15.3051580662214,2.92465288884293,0.0509208146909641,1.17903025570498,2.76,3.73764840373479,4.14831687521439,0.183421900636077,27.0,1.85,,6.32787228,54.0,17.0,6.853640115,6.0,13.9897597479323,60.4,21.0,162.0,363.0,14.6253481397796,164.0,14.0,5.095,693.033102,39.9,77.0,8.89387111808066,30.25,5.36,1.09,3.765,0.4225,2.135,0.34938011988012,0.9,0.13,1.0,0.1390432,4.79579771,1.0696,18.8299009283095,17.75,4.66,7.79388455089082,2.82078622816033,41.7710068442319,82.6294732008157,32.5164740382957,5.5,3.93650793650794,2.39922436732152,13.0844717178133,17.4626865671642,3.1171226011768,5.74576271186441,2.43341860160042,62.1138292890141,10.5555555555556,1.05696202531646,1.35447121318266,7.18428476601394,11.5968610451555,130.42303848076,1.23376623376623,0.131147540983607,2.79446124763705,0.328041235534993,0.0314438930550355,0.0489639872562593
5.56686532084546,69.6276158414161,0.414592244197766,15.2210622323766,2.42250622911987,0.05,0.926106545053623,2.86956236390041,4.229575084983,3.82475761137881,0.16299743954998,,,,4.25,49.0,8.0,4.0,3.0,11.0,61.0,19.0,153.5,530.0,9.0,180.0,11.55,7.35,830.5,38.9,85.4,8.96019067143101,31.3444974202928,5.375,1.055,2.35811445432692,0.328,1.40448402109197,0.276518678389296,0.724803675311342,0.125959392316263,0.84,0.104,5.2,0.92,18.1495307437695,16.75,7.65,8.15917916416717,2.98322512951669,45.9981851179673,97.396109637489,36.9948717948718,6.63562753036437,4.28607096584899,2.55276760369095,16.358024691358,21.1381578947368,4.14027777777778,8.49375,3.62777777777778,75.7555555555556,20.575,1.3375,1.715,7.04699123822119,17.3333333333333,196.678794178794,0.645161290322581,0.0832784726793943,1.73913043478261,0.25,0.02,0.0747177215902346
-0.89811327606134,65.7457428274406,0.695939648604925,15.0310060940393,5.73620326731585,0.173479543629262,1.76839126919968,5.18570427470217,3.9459197460943,1.29471036345591,0.197170902373661,7.47,0.86,13.0,17.0,65.3461973829523,4.7503004637501,18.0,3.275,25.6007704191753,93.98,15.0,22.9468330896638,216.317349119959,39.455,111.0,1.146,1.0081658792131,360.393734211496,9.085,18.385,2.92,13.43,4.17726250409044,1.2843733604784,5.17,0.924320304173149,6.16,1.36,4.03,0.613239185675501,3.935,0.615,3.01904800777407,0.0982531944194311,5.5677787304292,1.80019346800835,0.659450312312547,5.1120707169105,1.01481481481481,2.1835828237695,5.36021919224732,3.84871794871795,1.13148666714558,1.34143555178052,1.49501733102253,0.298755676406968,0.371230974904515,0.239908879558228,0.4,0.423474412326385,5.0,3.15131515339376,0.0330801500125845,0.0403638999562926,1.88020449902966,5.87405303030303,18.913284903535,0.151412148353892,0.0422986953644616,0.2,0.0833333333333333,0.1797333687636,0.0295617996748594
-0.437163232787357,62.7117112015505,0.589823053084075,17.0415095566748,6.01026880096648,0.17125012591921,2.35246400324478,6.14179728706494,3.56529643470357,0.951598685792132,0.141772151898734,10.8,0.725,28.0,19.0,96.0,6.5,14.9,4.0,20.7,71.0,16.6,17.0,257.0,24.0,95.46,2.67,0.66,228.0,8.96,19.7,2.61,11.6449209458175,2.9,0.97,3.23953812280138,0.539506678012375,3.39,0.746,2.21,0.342574092808321,2.34,0.38,2.2775,0.191,4.4,2.46,0.74,4.63876031394647,0.742890681745129,3.33333333333333,7.67605633802817,4.64240360193951,1.19762845849802,1.34782608695652,1.48954946586159,0.991150442477876,0.53311829782418,0.323117842262112,0.826327611102198,0.582914572864322,11.5694444444444,3.94139194139194,0.116001896656832,0.105641176470588,2.46588041397249,2.59,11.7141311001304,0.168661461000171,0.0403932304629169,0.279456605834433,0.0811822660098522,0.177570093457944,0.0264262737581083
0.118561415876131,61.6058786227165,0.716989245179247,16.73,6.59855031347944,0.161997381924421,2.4012685581979,5.84832185847504,3.69142664630149,1.49447646880617,0.175003500070001,15.3874812270816,0.72,13.5,19.47,90.2104568481445,6.56,22.0,4.777,24.0,67.0,15.4,33.0,370.0,31.02,115.0,3.38,1.4,379.0,13.742276843467,29.8456603773585,4.41179176039276,18.7,4.41,1.29,4.695,0.76,4.92372414871575,1.07,3.1,0.468731632071518,2.885,0.46,3.43,0.275,8.818,3.51,1.3,5.33704260624876,0.928375211128613,5.45811194022628,12.0214067278287,6.88235294117647,1.52859477124183,1.6172692979972,1.61346915676288,1.41326922538847,1.3030303030303,0.594670039497626,1.20940493080405,0.686831081081081,12.3942546866468,3.97467948717949,0.159521435692921,0.128369916287654,3.47266881028939,3.08020271663868,15.9638508849002,0.224137931034483,0.0447761194029851,0.311885268421342,0.071195203389222,0.130658766820647,0.0264573191393976
0.549077500894284,61.9398604987478,0.767805914182656,16.5970094693489,6.21640664277761,0.143120029817892,2.26783997246209,5.67239554963298,3.79945863639273,1.6206138313232,0.201288244766506,9.5775,0.87,18.2,16.5,114.081,9.6,15.0,5.7,32.225,72.0,18.0,37.0,342.0,27.0,125.0,5.0,1.31,491.0,15.1,32.0324104216963,4.11330651193058,17.4,4.3,1.31,4.2,0.72,4.435,0.95469833169252,2.69,0.4,2.63,0.42,3.37,0.32,9.0,4.372,1.39,5.66903972532484,0.996807204048455,5.85726609484374,12.5099924108272,7.08843537414966,1.7223382045929,1.74058577405858,1.70059880239521,1.94593958045471,1.4648824997082,0.638371259528957,1.32236351576973,0.723795456144052,13.2857142857143,4.90161290322581,0.214285714285714,0.165121600563423,3.40420271940668,4.3021978021978,31.6831683168317,0.433746444534742,0.0443649373881932,0.5,0.0759493670886076,0.118181818181818,0.0303550716653342
1.05292964359155,61.62,0.745892551154118,16.958304169583,6.1804572122193,0.134993250337483,2.37971443426789,5.67581047381546,3.92570281124498,1.81504121295109,0.220972278023303,16.4,1.255,15.0,15.0,119.0,12.0,13.0,6.0,25.0,72.0,19.0,37.0,403.0,25.0,126.0,5.4,1.25,496.0,15.114873756473,33.8,4.4,18.7,3.83,1.1,3.7,0.61,3.45,0.748489737291131,2.115,0.33,2.165,0.356,3.4,0.34,10.0,3.27,1.0,5.83333333333333,0.998381877022655,6.86046511627907,13.9478221415608,7.44510939510939,1.81322674418605,1.70483174211348,1.73741007194245,2.39106051883902,1.37821680985026,0.712627476991958,1.41613464886825,0.754464285714286,16.5576923076923,5.92676767676768,0.230769230769231,0.142857142857143,3.76123492875411,4.15800415800416,35.0,0.307692307692308,0.0408536585365854,0.514388489208633,0.0964882256297919,0.113079090001426,0.0315705796541548
1.43896862052873,62.0571703750653,0.805740206507696,16.9457333064353,5.62164566810531,0.120651518198271,2.40869336703939,5.56900726392252,3.89370917756705,2.03319086984164,0.23284065600324,9.755,1.57,10.5,16.4231446613913,125.0,12.25,15.9,7.0,30.3196592330933,74.0,19.0,44.0,430.0,24.7,158.0,8.0,1.179,571.5,19.0,43.0,5.31,20.98,4.0110074579606,1.16,4.06183515393009,0.645,3.8,0.74725722420004,2.10461399268922,0.321820811840613,2.26,0.34,4.0,0.54,10.525,4.974,1.5,6.04578612402373,1.07259528130672,9.53174603174603,21.1190476190476,10.2740652346858,2.10554493307839,1.96707524440831,1.87096774193548,3.41670417363508,2.29634013123256,0.903548387096774,1.96551724137931,0.960487804878049,16.3908045977012,6.9498288839559,0.309761904761905,0.221363636363636,4.59544424819536,4.73900269704661,32.6060606060606,0.454545454545455,0.0596802043920473,0.689144189144189,0.110144927536232,0.0723393903398139,0.0327020763029921
2.03938253526333,63.2981929051365,0.836188095176231,16.4955334820729,5.23647008197482,0.110441767068273,2.11432836642491,4.82287099912369,4.63133842163299,2.04819277108434,0.242501879430894,16.95,2.0,6.8,12.7,97.0,13.0,13.0,8.0,18.0,69.0,19.0,41.0,422.0,23.0,187.0,8.95,1.8,618.5,19.0,39.0,5.33051243547002,22.0,3.9,1.07,3.555,0.511153264330388,3.035,0.59,1.59,0.24,1.68,0.26,3.94487083672223,0.6,7.8,5.0,1.455,6.6111259207185,1.38519279152005,11.0281690140845,20.6466356326703,10.5555555555556,2.15311656599409,2.19472531176272,1.89703674262498,4.08759124087591,2.41007194244604,0.781818181818182,1.66023166023166,0.933333333333333,17.2962962962963,8.40958605664488,0.36,0.274820143884892,4.81172839506173,6.53763440860215,45.3947133947134,1.02362204724409,0.0812203669346527,1.23408717050511,0.123840536806789,0.065450679210125,0.0364113470445308
2.51127203335363,63.3636636336366,0.682422130032991,17.0163638188937,4.83561965130014,0.089914172967132,2.15406965057387,4.9836838436693,4.28519438720601,2.10991660805787,0.180986387183787,18.51,2.0,12.7,12.0,90.0,21.0,13.0,11.55,16.2498,68.0,19.7796762811538,53.0,485.0,18.0,164.0,5.7,1.88396755841809,544.25,19.615,40.0,5.158623382477,20.2,4.2,1.1,3.5445067259149,0.558462484939599,2.98,0.62,1.69,0.25,1.723,0.27,4.33,0.404,9.57060284551877,7.21,1.83081413137612,6.20855937311634,1.26215644820296,10.9405940594059,22.7859531772575,10.8076923076923,2.2914502270574,2.14615511008873,1.8726368159204,3.57954545454545,3.53012129380054,1.06666666666667,2.2,1.04956063268893,26.5,9.27777777777778,0.308840118962158,0.32829525483304,4.65393258426966,6.41463414634146,50.0504334121355,1.0,0.11996336996337,1.71171171171171,0.22883631713555,0.0634920634920635,0.0423598689142119
3.043589964279,64.8081473099475,0.64705287635224,16.6714351773745,4.38778755628835,0.0810372771474879,2.23985536359984,4.4995500449955,4.29644946110992,2.14264158535359,0.182602083862988,17.4078947368421,1.76,10.5621509295862,10.0,95.2758506772382,28.0,13.2967032967033,15.8695981804397,21.61,70.88,20.0,50.95,485.5,15.0,150.0,6.0180867979588,1.67191997546177,637.5,20.0,39.0,4.86199340397782,18.4817309267766,3.8681957225482,1.01,3.23723735025502,0.447712922452217,2.42,0.484644962498241,1.32,0.2,1.305,0.193024552582596,3.69430425378515,0.376319344811299,11.0,5.0,1.51343026854506,6.51007390908171,1.43886462882096,15.5598264286281,29.9270072992701,14.6031746031746,2.94303797468354,2.56,1.94892200456641,4.73578428420975,4.26829268292683,1.28235294117647,2.5199272967614,1.31578947368421,34.3,9.2,0.424525316455696,0.336111111111111,5.09855833238237,7.60118473618956,85.5140186915888,1.45477545857053,0.153846153846154,3.1080680977054,0.318707114481762,0.0537857104374369,0.0368827942417342
3.31784394364412,64.3794147325933,0.558545749974612,16.6973980741651,4.80090080868052,0.0816868435366646,2.35127981387024,5.06628301305107,4.18262758932878,1.83064021272244,0.162700833841773,15.6,0.91,18.75,10.5,115.0,38.0,15.0,20.0,31.414833335,72.0,21.0,42.5,515.0,10.2,89.0,3.6,1.24,750.0,14.31,27.0,3.394333333,13.6335,2.7976666665,0.8,2.5,0.348512000646618,1.85,0.369649302600216,0.95,0.139001619238976,0.88,0.123103046231035,3.61,0.4,8.92,3.7,1.5,6.05093289424505,1.19583333333333,16.219512195122,30.5555555555556,14.8837209302326,3.05194805194805,2.83333333333333,2.08333333333333,4.26666666666667,4.36303148328465,1.43633583507089,2.70408163265306,1.31791443850267,53.9968427095293,8.83418906674721,0.366666666666667,0.380952380952381,5.36585365853659,6.71482240437159,72.6468222043443,2.0,0.179398762157383,3.77777777777778,0.346153846153846,0.0541893049834414,0.0297130156294307
3.9490448250024,63.030303030303,0.760152030406081,16.7067789811472,4.95,0.0808244089715094,2.41133326635185,4.88547107729158,4.21672991964762,2.75404563272691,0.236430921052632,17.4888282025819,1.04,51.0,9.5,118.0,27.5,15.0,17.0,35.0,81.7401448109413,22.0,68.45,605.0,13.0,165.0,8.0,3.2,920.0,29.5,56.3058068281296,6.70640834575261,25.4456682184626,4.6,1.12,3.45,0.48,2.25,0.441707523640867,1.14664068299926,0.164018641634496,1.02,0.140560402150999,4.72870209689082,0.797255146600125,14.1173532857166,7.06440068348983,2.49441724941725,6.93357853394992,1.43333333333333,27.9576923076923,55.4146406603719,24.6874511642444,4.46085858585859,3.50257731958763,2.35515821814102,7.74895351398987,7.27272727272727,2.32965212589729,4.55403284306976,2.03455910666153,59.4308510638298,11.8641456582633,0.65,0.505904512706035,6.10169491525424,8.53211009174312,100.0,2.01923076923077,0.158727650352176,3.06227106227106,0.253508771929825,0.0380761523046092,0.0355670203870168
4.54576753334071,64.8016276703967,0.7246729501104,16.1678478453672,4.3324223099504,0.0713194561819812,2.04156119773789,4.34327420437895,3.78738158752981,3.26393206869413,0.219420707390419,20.0398406374502,1.86,,7.09488842760768,89.0,17.0,13.0,10.3291351888668,25.3,71.7,21.8,106.21041445271,489.0,16.7,178.0,12.0,8.3,650.0,37.32,76.6,8.89376783285801,32.6,6.0,1.2,4.6,0.6,3.0,0.527015271747268,1.4,0.2,1.3,0.18,4.99412998138432,1.1,17.28,16.0,4.66429062177946,7.3007300730073,1.65853658536585,30.8638497393302,64.2148014440433,26.6512865474562,5.06458333333333,3.95262184694435,2.63731414749905,11.5311571060824,12.5496731435345,2.55404997216036,5.13350785340314,2.15544855841096,57.4298780487805,10.7494590063836,0.786299765807963,1.01903553299492,6.31927471031478,8.58135593220339,81.8287193969552,1.19047619047619,0.130434782608696,2.33424908424908,0.230483641284639,0.0377145355828444,0.0384235409774805
4.84533053000909,66.057512630192,0.678209659621324,15.849421583156,3.77280747869017,0.0617686295331733,1.82269520549585,3.97643205934044,4.00404607706308,3.48068178529807,0.201954693758875,22.2295081967213,1.83,,8.0,86.2544441810856,25.5,12.2,13.15,22.0,84.0,21.1,118.0,528.0,14.0,178.0,11.761320754717,4.03426829268293,763.0,39.0270392749245,78.4,9.40522410551783,33.3324777887463,5.835,1.3,4.19,0.4995,2.57281553398058,0.44,1.09,0.159445792434531,0.925,0.13,5.2,0.805,16.4,13.06,2.7,7.52788015962424,1.88973985695297,41.7710068442319,84.7596717467761,35.5208333333333,6.06024096385542,4.28525223503407,2.61634199134199,11.25,11.8518518518519,3.06173170959467,5.66946778711485,2.73363636363636,58.7089552238806,12.4557015354512,0.882352941176471,0.966666666666667,6.94568965517241,10.3096955685347,113.452088452088,2.06357836089145,0.159602315630506,3.90243902439024,0.308051761322789,0.0268327804777701,0.0387098341484626
5.54736677235409,66.4277341635454,0.684538087520259,15.7385367220128,3.68441203867422,0.0604490991707889,1.664825034993,3.68553899838697,4.23269120241348,3.57469771841428,0.236917229122815,,,,6.6,68.0,21.0,7.5,8.5,15.0,79.0,19.0,112.5,648.0,10.0,213.5,12.55,6.08619973905181,970.5,44.1,90.3,10.2282934036006,34.5,6.095,1.345,4.87905722716346,0.447,1.40448402109197,0.276518678389296,0.724803675311342,0.125959392316263,1.06,0.1255,5.9,0.93,15.85,15.55,6.0,8.05413068450747,2.14798757889677,43.2491511035654,88.7207130730051,36.3036437246964,6.4046388199614,4.90422951277524,2.55276760369095,14.1941391941392,15.8926312460468,3.965,7.705,3.335,69.4,19.15,1.15357142857143,1.40611111111111,6.98260722728808,15.3235294117647,163.673469387755,1.34748031485432,0.163265306122449,3.66197183098592,0.352941176470588,0.0207826747720365,0.0587444081423717
-0.947807689301923,57.5680196831212,0.72593329967557,17.4389143018213,7.8333735113708,0.182627086993865,3.23336876966375,7.86028303877389,3.12374538804646,1.16989846471292,0.15954411745337,6.02057604297405,0.563,13.0,28.0,195.0,19.5,29.25,8.84566475422914,78.2015,82.2992799702799,16.0,26.05,320.5,25.8300290585961,90.1288526428187,1.146,0.416,264.5,4.312,13.32,2.21,11.1,3.06924073566017,1.02999565440434,3.795,0.586247567320824,4.11,0.86,2.55,0.389182561872005,2.41689293692331,0.386379717092997,2.25685613407405,0.084,3.335,0.95,0.4125,4.47284000416397,0.552631578947368,1.93483755672298,4.818426323963,3.82802547770701,1.08492410555416,1.34736173061604,1.52813852813853,0.314950152078405,0.170807270152248,0.147935867724396,0.395917115397723,0.365,11.7160311284047,2.975,0.0463035019455253,0.028,1.71589667730484,1.05701754385965,8.17324561403509,0.366504361939542,0.0424198002971167,0.457209223032008,0.0960737869652598,0.236072423398329,0.0163048250410791
-0.36254094342016,58.9859232017708,0.653461330088045,17.5660197864509,6.9926504087822,0.17932846902825,3.04328110814416,7.61530998396399,3.37958909803831,0.816203152181114,0.14,13.5,0.608,15.75,20.0,150.0,11.0,18.3744479069486,8.0,48.9,66.0,17.0,16.0,253.0,23.0,89.0,2.845,0.507,212.0,8.354,20.9,2.59,11.59,2.7285,0.94,3.13,0.532973800065103,3.4,0.74,2.152,0.334337271694865,2.268,0.366905985703829,2.18,0.179,3.86,2.367,0.7,4.35522677518077,0.576227334235453,3.28521126760563,7.46090534979424,4.71620256007186,1.19672131147541,1.36363636363636,1.50579726312658,0.983673469387755,0.609317948425377,0.35,0.901999024865919,0.538846795941955,11.8446601941748,3.82376958686128,0.125,0.105882352941176,2.48550724637681,1.3750162372808,9.84782608695652,0.285714285714286,0.0416233090530697,0.428571428571429,0.056513276291651,0.181712728906864,0.0235621580627652
0.119796660643333,59.80032599837,0.73992600739926,17.111,7.27170701401421,0.174038306630036,2.98,7.027,3.2003200320032,1.010010100101,0.17156120698355,11.435,0.495,18.5,21.4,149.0,9.0,30.6185,7.0,56.5,68.9,14.4,25.1045,384.2,29.6,94.0,3.0,0.954,300.0,11.66,25.12,3.6,15.5,3.6,1.15,3.93,0.63,4.1,0.84,2.49,0.38,2.5,0.387,2.8,0.23,8.3,3.09,1.016,4.38533429187635,0.60431344356578,5.23454254282133,11.3311909588923,6.595,1.51119786104619,1.625,1.63958505661401,1.3030303030303,1.12705247171267,0.565353143841516,1.15894736842105,0.65952380952381,12.815102631715,3.48571428571429,0.15,0.132244920525084,3.28271431531926,2.52131536253588,12.175051391916,0.25,0.0474244691824724,0.319148936170213,0.0728850565499025,0.138461538461538,0.0197761768248948
0.529915623359289,58.7437516434413,0.814292498900104,17.3767498478393,7.32,0.15996800639872,3.03499883512888,7.05586311021641,3.47371656932063,1.3647767185148,0.199653127899004,9.622,0.7788,17.55,20.7,171.0,16.0,19.75,9.0,46.02,76.0,19.0,30.0,361.0,23.25764,107.0,4.23982,1.118,427.1,13.3675,29.0,3.84053721147071,16.375,3.95,1.23,3.9815,0.65,3.92355530306187,0.81,2.26,0.33967301335516,2.233,0.35,2.94,0.26,8.1,3.465,1.2,4.90088654248431,0.697406340057637,5.76776175551266,12.5264381556646,7.41549295774648,1.78974569732339,1.78835386338186,1.72593336966889,1.69182613625091,1.41724769822115,0.6,1.24502339325289,0.729166666666667,15.7606955506778,4.453125,0.188038108680311,0.146846400970686,3.24309392265193,2.59095973101182,22.4313851454274,0.497007759804935,0.0486914045554955,0.659848306730409,0.0769230769230769,0.123780621527154,0.0222610810840706
0.991360976019642,59.6691567085411,0.786126742099559,17.3880854412253,7.08643313650477,0.143585321917544,2.93110532829872,6.73391833723295,3.60534415474615,1.55526418603657,0.199641723263504,13.2,1.1,17.0,22.79,169.7201744631,21.0,19.5145,10.0,34.05,74.0,18.0,32.0,392.0,24.1,116.0,4.324,1.11,416.636390813737,12.36,27.6,3.71148470916427,15.92,3.71,1.085,3.71,0.606494903880529,3.71,0.7875,2.23,0.342,2.2,0.35,2.895,0.3,8.0,2.863,0.8695,5.30120481927711,0.748138957816377,5.37003281079111,12.1875,7.03470708081639,1.70687223224537,1.70152639506264,1.73615635179153,1.80191729082645,1.12199431300555,0.586206896551724,1.16666666666667,0.7124769751693,13.92,4.65003061849357,0.181481481481482,0.123260869565217,3.17647058823529,2.51584766584767,17.2995780590717,0.4,0.0462471569370735,0.914179104477612,0.108748699948281,0.125,0.0249331460198668
1.43853566126227,59.5794103584185,0.860421107094387,17.3308380793001,6.57727412923449,0.130699257122382,3.18687344124886,6.55106046496633,3.69811814745487,1.67811503277942,0.222222222222222,9.81,1.41,10.1,19.0,165.0,25.6,20.33,13.1623978614807,43.35,74.0,19.2,35.8,482.0,22.0,141.0,6.02027606148813,1.0,440.0,16.0,36.47,4.52128601,18.3,3.6185855819956,1.13,3.64893050796461,0.58,3.54,0.735846661344026,2.065,0.309277350036726,2.005,0.32,3.18,0.4,9.0,4.0,1.34,5.45922387695641,0.836945258232026,7.76071484025547,17.3389970990468,8.75567702289291,2.0462962962963,1.99295372761872,1.87121212121212,2.7995069541541,1.64376074892708,0.761538461538462,1.71601307189543,0.877976190476191,17.180303030303,6.3,0.275862068965517,0.192255415171543,4.04867256637168,2.81111111111111,21.3684210526316,0.691775965969514,0.075300698747778,1.26057513495994,0.146565227120161,0.0871459694989107,0.0266127886297016
2.03938253526333,60.5389539173364,0.817567868654411,17.336895344831,5.89889026938157,0.110954453470111,3.12217307391838,6.07496490889674,4.17667311520874,1.64281436189209,0.232173635526158,12.83,1.66,7.1,14.2,125.0,30.0,16.2,18.0,27.7923458649792,71.0,20.0,34.0,526.0,18.95,149.0,7.0,1.05171648597234,488.665405,16.965,35.0,4.74,19.5,3.97,1.12,3.62,0.525,3.04,0.6,1.62,0.24,1.59,0.24,3.6,0.44,7.0,4.0,1.20000000000037,5.89946844437675,0.964853987867838,11.1276477146043,22.4388111888112,11.701492537313399,2.42028985507246,2.35196727697702,2.00617283950617,4.2032967032967,2.3025641025641,0.923529411764706,1.82997936016512,0.947368421052632,24.7119741100324,8.04777777777778,0.333333333333333,0.240952380952381,4.49657534246575,4.29411764705882,35.3191489361702,1.37858220211161,0.131466038191927,1.89320388349515,0.208712121212121,0.0656565656565657,0.03099010894085
2.48151331363298,60.2198819587775,0.759570659543958,17.3881650216097,5.70783586034691,0.100948919846558,3.28662935253347,6.08816842818712,4.14632366508768,1.68515428398454,0.200274925401095,14.3,1.62,11.43,15.645,124.5,44.0,18.0,21.0,23.0,71.17,19.97,34.0,543.851,17.33,152.0,5.0,0.766284499755989,486.0,17.35,37.0,4.4,18.29,4.0,1.08,3.43,0.52,2.98,0.61,1.7,0.24757311471545,1.62,0.254816832442991,3.65,0.338,7.84248519409477,3.43,0.845,5.77313946326712,0.961086703993041,9.74351816198178,19.5817025440313,10.4727272727273,2.34380557202134,2.17741935483871,1.90322580645161,3.01630434782609,1.76397790055249,0.966749174917492,1.99555555555556,1.00130947184636,26.9476744186047,8.56696428571429,0.277777777777778,0.195945945945946,4.13157894736842,4.49742268041237,35.3107927545518,1.35972557841672,0.163265306122449,2.58883248730964,0.403225806451613,0.0703392617343958,0.0322638826457132
2.99918153943769,62.4570967090652,0.73,16.8245013096917,5.28115883713912,0.0914355379457482,3.03275374039628,5.37215501332787,4.13978766566804,1.93169823318472,0.201511335012594,17.53,1.8,14.9683373170013,13.0,126.39,58.0,17.9,26.634223471539,23.135,73.0,20.0,45.0,486.0,16.0,149.15,6.11,1.37,600.0,19.5,39.0,4.95017228785187,19.5,4.0,1.09,3.5,0.50904889022476,2.75,0.55555631097421,1.5,0.219296595912595,1.41,0.204328839353583,4.0,0.4,10.0,5.0,1.66155003870037,6.1388526072541,1.15606936416185,12.7368421052632,24.9673247778875,13.2225274725275,2.6530612244898,2.40774125132556,1.93103448275862,4.22252747252747,3.50438596491228,1.10984126984127,2.24358974358974,1.19713506139154,30.3785828025478,8.51174496644295,0.38303435183513,0.30717141029741,4.5928338762215,5.47222222222222,54.9454949944383,2.04717047511461,0.210442176870748,4.34735383231694,0.479674796747968,0.063768115942029,0.0317098104413795
3.31381304964729,62.5153017751764,0.604412209126624,16.8094655242758,5.39575683394533,0.0910286234449277,2.82319488168985,5.60235461280828,4.06353156009512,1.75861722439956,0.164237324662152,13.8859920239282,0.91,15.4,12.5,130.0,43.0,17.0,22.0,40.0,85.0,21.0,39.0,522.0,11.0,90.5,3.5,0.866666667,728.6403333,14.18,26.4025,3.27278424424117,13.30366667,2.8,0.81,2.6,0.366867131054542,2.0,0.394432381414802,1.0293333335,0.148810362136768,0.95,0.134282863094801,3.21,0.34,8.2143333335,3.565,1.33957092045077,5.78883000407664,1.054,15.2638888888889,28.3950617283951,14.25,2.97619047619048,2.77015755329008,2.06185567010309,3.86225296442688,3.8170509700191,1.3478415138971,2.52514283778068,1.25555555555556,50.0,8.61072816142374,0.335085413929041,0.343592171717172,5.11025509330594,5.65813604301269,56.7231638418079,2.10025062656642,0.190826362717162,4.0,0.363636363636364,0.0584570652065306,0.0281115183460432
3.92154408247201,61.4249923511499,0.812266041952791,16.9677157458053,5.46102558419007,0.0904704463208685,2.82399853901342,5.4903670597681,4.19725519682618,2.37313824769655,0.24854456361418,13.9134036218843,1.04,52.0,11.5,136.0,38.0,18.0,22.0,42.0,88.0,22.0,56.0,658.0,13.0,157.5,7.06649048625793,2.53,871.0,26.457399103139,52.0,6.33634998184336,24.5,4.43,1.15,3.5,0.482568221533703,2.4,0.466856694097815,1.2,0.172265866325591,1.07,0.149584174881651,4.51,0.7,13.0,4.9,2.0,6.55317827433043,1.20984687815391,24.5454545454545,46.7733333333333,21.990350877193,3.90317553087863,3.23904761904762,2.28260869565217,6.44957983193277,4.15094339622642,2.11910464259396,4.05012531328321,1.87529083294556,55.1428571428571,11.214953271028,0.564007431646432,0.341089466089466,5.7037037037037,6.88362760834671,79.2,2.18334606569901,0.179468973070967,3.54545454545455,0.290123456790123,0.0437090611353712,0.0316483741816734
4.56253623402189,61.7913293019283,0.929245277291457,16.4379860914502,5.42099233234156,0.0905523694536674,2.78156672861187,5.43977081176158,3.8200000382,2.83304558915436,0.271179648493725,16.1772790842556,1.66,60.0,11.0,123.870967741935,38.0,19.0,20.0,37.0,81.0,21.0,91.0,560.0,18.0,194.0,11.4,3.56,662.95,35.9673024523161,76.0,8.63017328918838,32.4,6.1,1.45317765574552,5.07062600321028,0.6,3.1,0.551460435472864,1.495,0.2,1.36947232201747,0.190453546956971,5.1,0.76,15.0,11.75,2.7,6.59382790131578,1.24699933687003,25.6428571428571,54.2857142857143,23.955223880597,4.37730785744955,3.88598987584053,2.54593474088292,8.715625,8.0952380952381,2.0,4.05555555555556,1.83823054568938,48.523841972553,10.3684210526316,0.636363636363636,0.736842105263158,6.0,6.97169811320755,62.3553639846743,1.83461663116314,0.171299871299871,3.08391608391608,0.321298227320125,0.0373134328358209,0.0338428934315638
4.80162122975999,61.5145321117246,1.0264899002753,16.3651103338181,5.48726467679463,0.0818498056067117,2.95576475351756,5.35479299524243,4.24947545284434,2.91934088972681,0.380182089010236,14.0,1.55,49.0,9.80093180855569,138.0,44.0,17.0,23.0,41.0007581501137,97.6991150442477,22.0,77.1893840104849,777.4,14.87,208.743083003953,10.7,2.05,1051.06544022374,39.338494018297,80.6,9.62177380170815,37.2,6.41721854304636,1.57,4.80624480583342,0.56,2.85,0.504622987406345,1.18048780487805,0.164942980188858,1.04905063291139,0.150443724898433,5.57589420654912,0.8,14.9656188605108,8.85,1.67648401826484,7.09525243804919,1.32809430255403,38.4790011350738,81.0714285714286,36.3716814159292,6.37510330578512,4.62305900621118,2.75875346813653,9.57446808510638,8.30508474576271,2.75373134328358,5.65185841555705,2.65625,58.5333333333333,13.9851851851852,0.705882352941176,0.618007662835249,6.19117613675058,8.70629370629371,105.229202037351,2.22905474281621,0.177631578947368,4.13942307692308,0.312100344318741,0.0266044939600676,0.0311105347945029
5.55811347181008,64.0733554424195,0.785831663326653,16.1352021071827,3.925,0.0653920575422956,2.166903636533,4.35268233387358,4.48766293451324,3.49997442699642,0.261685575364668,,,,7.8,93.0,34.5,10.5,14.5,20.0,91.0,,111.0,704.5,14.0,261.0,13.0,4.2,1045.5,44.3,92.65,10.7374885538953,40.6,6.94,1.52,7.4,0.45,,,,,1.195,0.1385,6.4,0.965,13.0,15.05,4.75,7.98763736150967,1.81011209931443,40.72,84.6912820512821,37.0821052631579,6.54669328849657,5.52238805970149,,13.2478632478632,12.6040353089533,3.23571428571429,7.02857142857143,2.87857142857143,46.1428571428571,20.2142857142857,1.10714285714286,0.947368421052632,6.41460663784834,9.40860215053763,142.048192771084,1.7948717948718,0.225806451612903,5.81081081081081,0.518072289156627,0.0210351089588378,0.0561400846836161
-0.931368809043919,54.0643531592888,0.796525739210611,17.1279681535449,10.070630435358,0.183281579312499,4.36410839662631,9.81514486895191,2.3958662301595,0.542771153202629,0.121988411100945,4.06908908159243,0.283,10.5,36.0,344.5,25.0,33.0,15.6,119.0,84.3706970604463,17.0,8.05,232.0,20.9539332140513,45.1,0.46,0.374,165.571142284569,2.29,6.67,1.0546401112638,5.76,2.02,0.752745490981964,2.565,0.47,3.13988386285827,0.68,2.0,0.309,2.05,0.31,1.16,0.037,3.0,0.23,0.157831724807685,2.91617137576757,0.297753578849414,1.11498224043085,3.04694835680751,2.65365853658537,0.922673656618611,1.23476970166316,1.53326319899354,0.216803760282021,0.107142857142857,0.132523980815348,0.353483818924372,0.299003911974414,6.45833333333333,2.04,0.0225641025641026,0.0117482579321566,1.21185701830863,0.393939393939394,3.46332445873126,0.393900501161227,0.0367117117117117,0.591836734693878,0.071078431372549,0.283259587020649,0.00845798289870849
-0.475584264465374,54.6154615461546,0.807917592405575,17.2992775007632,9.77,0.191493650473695,4.09411719519858,9.35230325340762,2.65585687467229,0.545289306270827,0.113040797451444,8.6545,0.34,19.5,33.6,304.0,18.45,29.0,13.85,105.9,82.15,17.1,8.0,229.0,22.0,60.0,1.4,0.4,168.0,3.21128744852779,9.41079769763811,1.34,7.27500800474249,2.36,0.857675176668413,3.05,0.528677691545995,3.39,0.73,2.12,0.324,2.18,0.34,1.46143470035323,0.049,3.54132975087773,0.4025,0.2675,3.18246110325318,0.341981132075472,1.28048780487805,3.99594245391322,3.03050397877984,1.01646555150114,1.31465517241379,1.54068668656882,0.536425871692824,0.142651336991551,0.149193548387097,0.461988304093567,0.336470588235294,12.0217391304348,2.15568862275449,0.0641711229946524,0.0224719101123596,1.28738563679054,0.45688860776717,4.35985661870382,0.378178899660078,0.0416449878598682,0.471544117647059,0.0522388059701493,0.266666666666667,0.00966586480408276
0.0338720992991075,56.1549239391513,0.840619513264979,17.3596528069439,8.27272727272727,0.181460759571887,3.83886958514127,8.14920211162125,3.02175664786463,0.797576981322564,0.15222244773696,7.571,0.4855,18.35,25.58,215.0,22.0,30.6,12.2,91.33,75.0,16.0,19.4,317.0,26.0,78.0,2.7,0.5845,235.0,8.98,20.6,2.7905,12.25,3.27,1.09,3.647,0.61,3.835,0.81,2.34,0.35,2.3695,0.367170277008052,2.2905,0.18,6.0,2.0,0.658,3.92196299275945,0.489032258064516,3.82343459627565,8.52693893390677,5.49740484429066,1.41176470588235,1.56217783505155,1.64705882352941,1.01363059316173,0.734767025089606,0.42363003165331,0.963975155279503,0.573051222095458,13.5235317512926,3.17518248175183,0.118991392177309,0.091283781100766,2.55425960798875,1.55767720894651,9.21555862573731,0.362162162162162,0.0512224209898629,0.497747747747748,0.0792181163123136,0.167690395881413,0.0154405064682606
0.490688599232019,55.82,0.83,17.7654468860153,8.09120258272801,0.162585103139925,3.99191510864073,8.12203252853824,3.2075775248361,1.12014661261007,0.181763102090276,8.885,0.83,15.45,25.0,210.91705,29.16814,26.0,14.48,58.2,78.47,19.0,25.7899083333334,382.246438514233,22.0,92.0,3.9,1.0,377.37,11.69,25.45,3.41907184724756,14.8547511378418,3.66463959632108,1.15008905209553,3.69370026960375,0.594591594122011,3.62,0.749,2.0925,0.312351351508817,2.05904850237359,0.313224779826381,2.507811,0.24,6.98,2.65,0.918172107285849,4.37291406972536,0.534969325153374,5.55,12.2372252492744,7.31578947368421,1.76605272168756,1.78190255220418,1.75392670157068,1.54752924301751,1.14395491803279,0.545229856648542,1.19310505474027,0.721052631578947,15.4583333333333,4.11855494466776,0.1796875,0.118518518518519,3.01243781094527,1.76373626373626,15.5447603887625,0.619255188189776,0.0649635036496351,1.06164383561644,0.119688851961149,0.129824561403509,0.0178069219980809
0.966585221851775,56.95,0.828839624525664,17.6305220883534,7.90725947400504,0.151346988194935,3.85,7.72085088383214,3.20790880661757,1.19,0.170204245094113,9.31,0.86,15.0,26.8,203.0,38.211,25.457,16.0,56.0,79.099,18.0,24.75,360.0,24.0,104.0,3.8,0.9,325.482,10.6,24.775,3.42,15.0,3.7,1.125,3.81,0.615144214770653,3.87,0.807058107216618,2.24,0.3405,2.2,0.34,2.5,0.21,6.489,2.06,0.83,4.40763052208835,0.567481402763018,4.33921022785854,10.0832208726946,6.16666666666667,1.6123595505618,1.71348314606742,1.73525631332224,1.45528797162592,0.964358193810249,0.465702421171171,1.03281137939278,0.639175257731959,11.65,4.18518518518519,0.157894736842105,0.0984576278984174,2.72109557109557,1.64328417696293,11.5274611002144,0.533898305084746,0.0689655172413793,1.32730681665997,0.178119253696598,0.13664147588353,0.0201200984105273
1.41946308474879,56.940739875873,0.91878434169238,17.3631721345343,7.53188692910668,0.140847935593391,4.07318837230781,7.42279658475463,3.50041961046711,1.41388897838502,0.220937121974965,10.63,1.765,7.65,23.466931554643,193.0,46.0,25.0,24.0,51.6,77.0,19.2,28.4,469.0,21.0,121.808567047119,5.26946148756302,1.0,379.0,14.1,31.79,4.1155,17.1,3.8415,1.15432036013073,3.8,0.6,3.6,0.743804156561459,2.08517728301554,0.31,2.03,0.32,3.2,0.4,7.776,2.90466279299332,1.22,5.01860395107439,0.677750444548863,6.43169416807537,14.3108325685623,8.31806229019023,1.92415053761145,1.92704280155642,1.81421641791045,2.37958323819232,1.23529411764706,0.65,1.44104982698716,0.804995435128688,15.5108695652174,5.77525252525253,0.2345733796371,0.135714285714286,3.59375,1.96842105263158,16.2554347826087,1.14367114367114,0.127899680686514,2.01637225333908,0.231056810047504,0.0950965824665676,0.0224792993631988
2.02160912815476,57.3086007821243,0.928730072052726,17.6299708982614,7.01612977229071,0.12926319976136,3.89577740226236,7.02253819737076,3.99413371908276,1.35817438586516,0.241935483870968,11.6878181653558,1.69,7.1,18.0,165.0,50.0,23.0,27.0,40.0,75.0,20.0,27.0,565.0,19.0,139.0,6.04,0.8,417.0,15.4039552421007,33.8,4.875,20.05,4.19,1.24,3.91,0.56,3.255,0.634,1.72,0.259440668674681,1.7,0.265,3.4,0.393269628,6.7,3.32,1.02529993568376,5.43660446209552,0.777323132993322,10.2692307692308,21.058206499383,11.5384615384615,2.38873100074462,2.35294117647059,2.00644442382871,3.8169206440483,1.85849056603774,0.866666666666667,1.80658515102709,0.99601593625498,25.0454545454545,7.52859477124183,0.317307692307692,0.188166666666667,4.16788856304986,2.84757355145573,25.9918032786885,1.71181040391988,0.170409511228534,2.8,0.280898876404494,0.0743555775298917,0.025812828828525
2.4398795617379,58.8007180977615,0.83442243892631,17.6124160263734,6.16118370331689,0.11204085958555,4.01539138570576,6.70878459687124,4.05307043939266,1.45547073791349,0.210322352657023,12.3,1.685,8.1,18.2,139.0,68.7375,21.0,28.5,24.0,73.0,19.7354,25.98,558.57,17.9,135.0,4.97278407132097,0.62,444.0,16.1,33.65,4.07938562830841,17.21,3.805,1.14,3.43,0.54,3.18,0.65,1.798,0.26,1.66,0.26,3.19,0.296153065699251,6.76692734050405,2.3,0.658046222705621,5.57693033979466,0.837209302325581,9.0,18.0898876404494,10.0923026744945,2.26190476190476,2.14352461176027,1.94082840236686,2.78481012658228,1.25403412078133,0.873333333333333,1.79930898321816,0.932666666666667,27.6190476190476,7.67441860465116,0.267441860465116,0.134,3.87140868682519,3.4,25.9943274370097,1.4375,0.21203953279425,3.41708542713568,0.525,0.0778420436548923,0.0277310119790925
3.01589731509548,59.5563658462473,0.827292210700663,16.8697754053782,6.18,0.104015096955123,3.99559721328177,6.39699822903944,4.04382642465471,1.73527037933818,0.222469430930317,17.2,2.0,17.0841686585007,16.0,159.0,97.0,22.0,43.0,22.0,73.58,20.0,40.0,530.0,16.2,135.15,6.0,1.3,590.0,18.5,38.0,4.88596500055498,20.0,4.0,1.15,3.6,0.522174957102364,2.8,0.570779850467868,1.55,0.223431085910303,1.42,0.201531238141937,3.985,0.405255521750595,9.0,4.7,1.5,5.80337941277593,0.899843505477308,12.1621621621622,24.9348572454199,13.3333333333333,2.55528846153846,2.48104873183243,1.97323666308629,4.12162162162162,3.28449544157243,1.07779299014239,2.22222222222222,1.19246031746032,31.1851851851852,8.03489702517162,0.362573099415205,0.289583333333333,4.30968819181269,4.43,43.5294117647059,2.79066171923315,0.275,6.21344122548151,0.62836169306166,0.0663752594335265,0.0276452079295731
3.31328974632607,59.9892664754891,0.754856558148799,16.9293129388314,6.26012425696287,0.101378751013788,3.68381774988309,6.39697272332265,3.94185580985914,1.50192040084399,0.202798654331606,11.325,0.815,13.8,16.3,159.0,80.0,22.0,35.0,40.0,87.0,21.0,31.5,569.0,14.0,104.15,4.0303333335,0.8103333335,619.0,14.5,28.0,3.52,14.995,3.475,1.01,3.09,0.441991070982141,2.50637753517775,0.488769708673857,1.28,0.19,1.16984351944512,0.173366416759699,3.065,0.325,7.625,3.4,1.25,5.43961517395917,0.856866455580298,12.7007101086048,24.4414724699949,13.1671826625387,2.84905445431761,2.61807060022939,2.04891908057763,3.37424698795181,3.06122448979592,1.12951421260831,2.14893954109924,1.14813790560472,44.1275617936698,8.01041666666667,0.304403318442885,0.261740763932373,4.35555690165003,4.1454021289178,39.1666666666667,2.31567028985507,0.234790059982862,5.63218390804598,0.513913043478261,0.065439672801636,0.0255027237761413
3.9743106315135,59.517805508324,0.86303123239657,17.0857775987356,6.05714903579887,0.100684655658478,3.55146371910551,6.17913461068304,4.0725440618878,2.06786842305297,0.255831289194609,13.2,1.04,53.0,13.7,157.0,65.0,21.0,35.0,48.0,90.5,21.25,45.0,693.0,13.75,150.0,6.1,2.2,783.0,23.93,46.355,5.80513551315778,23.0,4.26,1.16,3.52,0.491100171172012,2.5,0.492669063468967,1.3,0.18328298840032,1.16,0.161533609154714,4.22592758084372,0.61,12.0,4.3,1.7,6.06224004534735,0.991590979826274,18.4352941176471,36.6666666666667,18.5579710144928,3.62266993033327,3.13953488372093,2.23553323768532,5.14018691588785,3.47297297297297,1.68947368421053,3.32173913043478,1.60912698412698,46.6666666666667,10.3846153846154,0.475,0.286845574387947,5.24294670846395,5.26946107784431,55.7377049180328,2.71428571428571,0.236486486486486,4.63205957117595,0.414588859416446,0.0467865259485453,0.0289024780048691
4.63598053508048,59.6354627326767,1.02722965582264,16.4105939881354,6.23864723693864,0.0929190071364009,3.60118892662649,6.03164652317447,3.68144136428003,2.42896463612386,0.279273887891482,13.7115651656417,1.55,60.0,13.96,145.0,62.0,21.0,32.0,44.0,85.0,21.0,77.0,561.787898487237,19.0,196.0,12.0,2.3,575.5,35.5,78.0,9.0,33.0,6.52075471698113,1.7,5.2,0.635,3.205,0.572691552062868,1.56,0.204528743843101,1.4,0.18664766016436,5.2,0.71,13.9483686786297,10.0,1.79080617495712,6.15101412456582,1.02519106573789,26.4285714285714,54.5271804062127,25.8148148148148,4.77203874711078,3.93385214007782,2.61386861313869,8.3030303030303,6.15813753889068,1.96808510638298,3.90909090909091,1.84210526315789,32.5131578947368,9.6,0.611576741749607,0.631578947368421,5.60606060606061,5.04541062801932,47.8782322534629,2.54237288135593,0.203821656050955,4.58086586071182,0.438967013888889,0.0338983050847458,0.0303871206428705
4.76158154480502,59.2687387528189,1.28992150091313,16.4838829596131,6.3264823890175,0.0921273420047592,3.29787834366943,5.6742534801216,4.19632442388042,2.81523626716221,0.431936491091494,12.9199517296862,1.55,49.0,12.9573637501528,149.0,52.5,21.0,26.0,45.4994124559342,104.0,22.5,71.0,898.307816277196,16.0,217.0,11.0,1.93,1094.94640122511,39.338494018297,81.8537894305613,9.96,38.5,6.68266446007447,1.73,5.06628484903949,0.604891043158998,3.04549082202714,0.536557377049181,1.26926829268293,0.19,1.18,0.167866913123845,5.65283018867924,0.81,14.4,7.41709097228256,1.46440677966102,6.90200838104804,1.23951303645805,34.9694119620017,74.0,35.0,5.90314492765517,4.63061973018633,2.74074074074074,9.23913043478261,6.55832666750149,2.45309337151022,5.06388702084734,2.52941176470588,53.8421052631579,12.9440581443728,0.686833474704283,0.455555555555556,5.96050082731818,8.24809292649099,72.9935554067627,2.08012820512821,0.193314074320392,4.70064603669126,0.350509860509861,0.0317209767567809,0.0291635271499683
-0.921067165914265,53.0117202509918,0.799676080574957,17.0729146896084,10.3361004251873,0.188660510376328,4.89524376923841,10.5337503783675,2.1534728541098,0.491853673532124,0.121126487335943,4.06332426866054,0.28,12.7,39.0,347.0,28.8003074497438,35.2895745002131,17.1,125.0,78.0,16.7040473746318,7.37503720534542,234.855,19.1,40.8,0.47,0.3375,155.52,2.32,6.8,1.06493027734883,5.905,2.0244304,0.75,2.51582467948185,0.46,2.99299599198397,0.66,1.93,0.29,1.91973791139764,0.300797086763502,1.15,0.036,2.8,0.234920845631447,0.15,2.64009710702003,0.253211009174312,1.15252268256962,3.09215510522214,2.68926553672316,0.930146110368442,1.25,1.5539183820874,0.220338983050847,0.107594841068327,0.13600980680294,0.357843137254902,0.30439932388578,6.82916666666667,1.96534653465347,0.0231184522760951,0.0123069259725751,1.21185701830863,0.381297823710623,3.19447425670776,0.528807231551885,0.0498538011695906,0.748667665200967,0.0753616035837668,0.282329988851728,0.00768916837639628
-0.523249114951792,53.1442748832389,0.899878956461382,16.4941771343862,10.76484733423,0.193332357717204,4.82488324428111,10.0597448178701,2.07921866238852,0.432677156278482,0.101438296697268,7.63,0.325,7.8,37.405,366.0,27.0,33.4347472249387,17.0,121.0,82.5,17.0,6.22100473904975,208.467518727508,20.5678708440439,45.9861675454624,0.5526179415116,0.52,155.079683748601,2.4,7.1,1.11,6.23,2.19,0.81,2.92776631407779,0.515699350870027,3.33,0.72,2.09,0.32,2.125,0.320836886486015,1.33,0.04,3.48687587016997,0.24,0.156,2.50623416739217,0.253148303293784,1.07768647939921,3.1547619047619,2.73858798486282,0.945833333333333,1.27097503866407,1.54330708661417,0.218106119016001,0.105021869241099,0.124521062271062,0.352020202020202,0.295021043046014,12.9145728643216,1.99916642359307,0.0257653858169322,0.0122810546215008,1.15470680116503,0.366404184278077,3.68275862068966,0.435897435897436,0.0417452830188679,0.600522193211488,0.0667150492944861,0.276785714285714,0.0073655012438645
-0.00243127884041715,53.136925811656,0.958857299351988,17.51,9.33306828347083,0.181533962440323,4.66202525746849,9.47094709470947,2.77523635254651,0.641640940438196,0.142923128519614,7.0,0.4315,14.0,31.0,288.862169271072,39.0,31.0,18.0,113.0,85.0,17.0,13.0,299.345,23.4172820942171,69.0,2.4,0.51,191.0,7.765,17.8,2.488,11.4,3.17,1.05,3.507,0.59,3.66,0.779304802381096,2.2,0.33,2.18,0.332361537058787,1.9,0.132,3.93,1.499,0.495,3.56587627964233,0.379220779220779,3.39311827956989,7.68516164983527,5.22748815165877,1.39112542494185,1.53908246225319,1.64714457211456,0.927184466019417,0.54172653918426,0.370256817198096,0.841713768698893,0.554545454545455,14.7513812154696,3.1,0.108695652173913,0.064458064516129,2.32203389830509,0.603238866396761,5.41516245487365,0.558742752517547,0.0614988558352403,0.875,0.10880829015544,0.18628526645768,0.0120066302322079
0.465283645648899,53.7330771411613,0.842861951169736,18.0091284874256,8.62780578381196,0.164169915862918,4.65957120197595,9.015016498336,3.03997535175105,0.959310036179055,0.172658947796059,7.65,0.87,14.0,26.9545,230.0,45.0,29.374,22.0,65.0411338806152,78.385,18.35,20.0,397.0,20.4963883003038,80.3678371307308,3.38835665842225,0.786,340.0,10.5836962045601,22.805,3.13259444857503,13.7,3.3,1.06,3.4209676221375,0.55,3.4,0.709196785021117,1.99,0.3,1.94726607653058,0.292962557130093,2.2305,0.228641901890849,5.73,2.07,0.68,4.0470325405499,0.449841534388878,5.44444444444445,11.8925599518624,7.31102138307552,1.76730268157638,1.80213903743316,1.77,1.53365384615385,0.916879432624115,0.526301671560876,1.17428571428571,0.713337104546407,15.0,3.88612086829278,0.166666666666667,0.0966386554621849,2.92650793371771,1.46048511357423,12.6997990298872,0.8,0.0897148441991491,1.6551724137931,0.196319018404908,0.138888888888889,0.0151773111003616
0.972487713051581,54.4943063413515,0.87991200879912,17.7655393400961,8.54320930375228,0.159888078345158,4.79130389370055,8.59414132698963,2.98184426750557,0.903481777286282,0.161795934877136,9.1,0.905,8.75,28.5985,224.0,69.495,29.0,27.9887319254765,56.65,80.0,18.0,17.984,367.0,22.1,91.129,3.2,0.76,266.0,10.0,22.2,3.23395980683834,14.4,3.57,1.14,3.82,0.613086764689326,3.84,0.794,2.2,0.33,2.15,0.33,2.3755,0.171,5.4065,1.74,0.662,3.95581761740188,0.464485552667788,4.33879781420765,10.1439393939394,6.25327510917031,1.62067205049661,1.732371851318,1.75221238938053,1.36515151515152,0.754716981132076,0.45789467624574,1.00931857891672,0.644673123486683,12.520754425766,3.96374795417349,0.138711691960053,0.075779143750674,2.66666666666667,1.18380180759894,8.77777777777778,0.881480442168349,0.118759903188174,2.09373956851421,0.298884123572123,0.138095238095238,0.0161814609164861
1.40786747303271,54.6665183067202,1.00191219507955,17.3913786515959,7.94588171030764,0.141772157714096,4.80007983552152,8.01552928441406,3.42173036128717,1.23805815953062,0.222634862630385,9.88162632478797,1.7,9.2,24.8,198.85,70.8282940270768,29.0,37.3,57.2100913448735,79.0,19.0,23.0,471.0,20.461585,112.2,5.0,0.9525,348.0,13.0,28.7943895269597,3.89323010191323,16.858,3.84905069795896,1.19,3.92,0.614,3.69,0.75,2.1,0.310735366990681,2.05,0.32,3.154,0.4,7.326867,2.57,1.0265,4.72144601586561,0.598817858867352,6.22857142857143,13.7594087269676,8.23887587822014,1.89455344576831,1.90718804034921,1.82160804020101,2.27127659574468,1.15416666666667,0.645618214589981,1.45498380217556,0.827956989247312,14.8583863262342,5.5531914893617,0.220965810845151,0.120689655172414,3.41145833333333,1.80095675040564,13.8858218111825,1.463917604135,0.173348867105897,2.89582513735138,0.341553420805998,0.0973684210526316,0.0198905202406527
2.02648907420558,54.59,1.0323744612609,17.8946316105168,7.6734983869911,0.14001400140014,4.92053333516704,8.1577350859454,3.70468769665327,1.17071756812088,0.251610305958132,10.28,1.68,4.7,22.0261665952557,190.0,72.0,27.0,39.4,53.7137561022351,77.2,20.0,21.65,586.0,19.47,128.0,6.0,0.745,383.0,15.0,33.1,4.8,20.0,4.18,1.28,4.24616649637071,0.593,3.6335,0.719,1.991,0.29,1.85,0.28,3.34,0.37,6.637,2.38,0.871359040902622,4.92706313776057,0.604357798165138,8.33333333333333,17.8542510121458,10.2285714285714,2.29411764705882,2.26315789473684,1.98357673262876,3.33333333333333,1.15239877789234,0.727426285375611,1.70347786811201,0.932345846524951,24.5763566436846,6.83333333333333,0.292117117117117,0.111269841269841,3.67844262096677,2.12631578947368,18.109101579172,1.96153846153846,0.226913663140968,3.44050243409571,0.404494382022472,0.0825879788227966,0.0210974510302295
2.4210870881206,55.6563823351482,1.00538633719379,17.5941521964862,7.24959612277868,0.126330987186428,5.04108642878183,7.4916337580629,3.84146341463415,1.20973383295072,0.21925453458242,13.15,1.5,10.4,21.0,152.0,83.5,27.0,42.5,31.0,80.3094,19.0,18.8357704645171,562.313777786287,19.3437827952427,124.0,5.0,0.55,409.0,15.0,31.0,4.05979313071653,17.405,3.98,1.21,3.893,0.61,3.56463220762404,0.700996669957999,1.90966183163944,0.273263285284525,1.71744845707634,0.27,3.14,0.36,5.98,1.772,0.57,5.19083969465649,0.694480102695764,8.85575923806352,18.8766939717171,10.6727365925733,2.35294117647059,2.2488038277512,2.00229357798165,3.33433613279002,1.0,0.831973356207226,1.7405454710606,0.944994499449945,22.9858452950558,6.98319577606064,0.277777777777778,0.0970348837209302,3.74352289344044,2.69064748201439,18.936984521117,1.91964285714286,0.263157894736842,3.66666666666667,0.577464788732394,0.0823008849557522,0.0228503312069118
3.00482963110582,58.1116223244649,0.86658605401048,16.8119824412887,6.64521966422037,0.112016293279022,4.70445097840414,6.87707976202481,3.95622050406667,1.59821970463281,0.232205956587582,16.1,2.0,9.58195781169476,17.5,173.65,128.0,24.0,59.0,25.0,76.0,19.5,36.0,562.8,16.5,127.0,5.8,1.11,540.0,17.5,37.0,4.77400471608128,19.5,4.0,1.16,3.6,0.522710683291314,2.8,0.570389925233934,1.55,0.221091428914775,1.41,0.20036691019586,3.84,0.37,8.0,4.195,1.28380727110336,5.60576825429065,0.819767441860465,11.8838644590825,24.6478873239437,13.2258064516129,2.46987951807229,2.51094890510949,2.00649350649351,3.98648648648649,3.07692307692308,1.03821656050955,2.1875,1.1578659370725,31.2638888888889,7.62820512820513,0.349157303370787,0.263118131868132,4.04938271604938,3.80826254826255,36.8290128305839,3.0,0.334536082474227,7.0385686210285,0.77619919090734,0.0697792371735145,0.0248258924563675
3.34338218127697,58.7112547296004,0.783594597564509,16.4599374837739,6.64820027788311,0.110931827349738,4.73424894498519,6.83293717913988,3.76211968462571,1.37372043811863,0.21002100210021,10.85,0.715,14.1,18.555,169.0,161.0,25.0,63.0,44.5,80.0,21.0,29.0,587.5,14.395,104.0,4.175,1.305,570.0,14.9,30.0,3.89323010191323,16.305,3.6,1.02,3.1,0.44166263259149,2.43,0.476066039213093,1.3,0.190576838324822,1.19,0.173366416759699,3.58176470588235,0.33,7.28,3.2,0.97,5.25708458910991,0.766696468966112,12.7698412698413,25.2525252525253,13.4174757281553,2.87457600986741,2.61548688795159,2.08700854700855,3.29787234042553,2.67676767676768,1.13918549905838,2.31481481481482,1.21358629130967,41.5834972140282,7.87037037037037,0.291464401294498,0.241548862937923,4.10958904109589,3.42948717948718,30.8563789152024,3.42358777513818,0.344101249190171,10.1898734177215,1.02857142857143,0.0633484162895928,0.0230552691477701
3.90044876821398,58.2683463307339,0.865844962819599,16.3104838709677,6.58640226628895,0.109503763982834,4.95418386869399,6.73417721518987,3.72570738092841,2.02778059413971,0.246204349610176,13.0,1.05,,17.0,175.0,143.0,25.0,63.0,49.0,87.0,21.0,47.941045507169,680.0,15.9,141.0,6.0,2.865,764.0,20.845,42.63,5.4030360444273,22.22,4.31,1.16,3.8,0.506809666150239,2.71,0.538359193535015,1.4,0.200304903536246,1.435,0.206359289852073,4.07,0.61,11.1,5.75481049562682,1.935,5.66809699630775,0.84304385417036,16.5454545454545,33.8691919191919,17.2,3.45454545454545,3.01030927835052,2.2053478109395,4.90290346907994,4.04464285714286,1.5375,3.16666666666667,1.63172606568833,44.6428571428571,9.53846153846154,0.447357281613455,0.30178861824312,5.05128205128205,4.18935468676401,47.5862068965517,4.05555555555556,0.352040816326531,8.02919708029197,0.77948717948718,0.0550724637681159,0.0275823197130598
4.52694528841096,58.63,1.03208665440425,16.4491395013808,6.5371382311273,0.101336003739704,4.4462491117653,6.73161890886909,3.52893728574309,2.20461241491415,0.263078012749165,19.2,,,17.85,165.5,94.5,24.0,40.5321802091714,43.2,83.5,21.0,62.0,548.0,20.0,188.0,12.0,2.6,512.0,24.0,67.9,6.86,26.0,6.1,1.61,5.0,0.65,3.2,0.584304970618298,1.5,0.22,1.48,0.198407202216067,4.46,0.671619375176655,13.0,10.0,1.6,5.75345207124275,0.860719874804382,21.5318276564703,47.0339938127392,19.5451311555402,3.56012491781723,4.19354838709677,2.45924001853886,7.670087665608,4.03942307692308,1.2609195247774,3.41221471471472,1.42159969577893,26.653140823779,9.09090909090909,0.590909090909091,0.534294920975909,5.0,3.18519224174066,29.3373493975904,2.72222222222222,0.238281385732652,5.60869565217391,0.568872398348995,0.0435451075763307,0.0282336779582113
4.76209916585784,56.8513901253366,1.41024631372981,16.2425691116559,7.60047772628899,0.111285779781208,4.4013527921129,7.26449357275952,4.14628178082958,2.37175616095205,0.423833699444411,11.8156754627806,,,13.9503744367694,185.037544696067,67.0,25.5,45.9198055893074,62.9420803782506,110.0,24.0,52.7924634420697,818.680300500835,20.0,188.117021276596,10.524505588994,2.29116945107399,880.165621079047,29.6327842416115,64.6431871965128,8.52048192771084,34.7445255474453,6.36150491536699,1.70286982248521,5.43861546782045,0.698501839513509,3.49206349206349,0.645608856088561,1.38957816377171,0.249101365923796,1.30026766595289,0.189065934065934,4.7929580931026,0.65,15.5547445255475,7.97687861271676,1.69855010335179,6.4550399311703,0.903958836243193,24.9804825166253,55.5241228070176,30.5807248764415,5.55850369725968,4.46266297905966,2.73470977795092,8.17646582223783,5.94371249369324,1.87137210647492,4.06902674707979,2.18716940187169,40.45,10.1304347826087,0.625,0.400039168211327,4.94999700773401,5.97091565504818,70.3327651432796,3.27995434259037,0.259466524541901,6.77541313772939,0.331938488660187,0.037566442699084,0.0219585721516133
5.50486662887664,56.7204843592331,0.978809283551968,17.1342078708375,6.07467204843592,0.110998990918264,5.39858728557013,7.37638748738648,3.83451059535822,2.02825428859738,0.343087790110999,,,,,145.0,110.0,30.0,89.0,37.0,84.0,,48.0,858.0,26.0,223.0,13.0,,683.0,40.5,89.2,10.8,41.1,7.1,1.8,5.3,0.763095151097755,4.1,0.9,2.3,0.32605858276661,2.0,0.29,,,15.0,9.0,,5.8627648839556,0.794801641586867,20.25,44.6,20.55,3.55,2.65,2.05,6.5,4.5,1.55769230769231,3.43076923076923,1.58076923076923,33.0,8.57692307692308,0.5,0.346153846153846,5.70422535211268,4.71034482758621,,,0.613793103448276,,0.758620689655172,,0.0380023410871456
-0.946339291472973,52.0307910462879,0.768616490317429,17.2802916507113,10.1093974994759,0.191334278193966,5.67209775967413,11.0884631064003,2.12787723785166,0.489296636085627,0.131283628301389,3.8278605314863,0.22,13.3,39.0,311.0,46.5,37.2582820977936,24.0,117.33052,72.7072479253358,16.0,7.0,281.485822081017,18.0,40.0,0.69,0.239710004758094,127.0,3.3,7.665,1.22397040468558,6.28,2.15485468732483,0.78,2.65552169712038,0.457,2.91055837424583,0.625128275168579,1.8,0.274,1.79626127352824,0.275703875872471,1.2104345607713,0.046,2.11,0.317375197946721,0.157285966340402,2.63077704418487,0.236540158870256,1.64705882352941,4.47083321876302,3.47575304422132,1.1028545941124,1.38394370360821,1.59975305870468,0.4,0.17989417989418,0.17887159558498,0.441928571428571,0.3565,8.08585503166784,2.13942307692308,0.0455976821192053,0.0167624785506594,1.61363636363636,0.374410283593957,2.9673590504451,0.61559925804579,0.0747375837959121,1.18451025056948,0.136029411764706,0.252941176470588,0.00834427389224407
-0.501599069918714,52.6425591098748,0.88638195004029,16.7070462346053,10.3970413161574,0.192229154635061,5.43996752258196,10.8020304568528,1.96781790032248,0.394568511510525,0.0955156810329025,5.4,0.3045,7.5,40.8368854231365,364.0,47.5,36.0,20.5224291593288,118.35,75.9,15.0,5.65684584241464,186.843183514386,19.0,42.1344532813441,0.500239880002961,0.415126344025976,130.823749706338,2.26908043921788,6.76210110120972,1.04,5.84,1.98,0.74,2.59,0.48,3.08,0.68,2.0,0.3,1.92,0.295637905522024,1.2,0.037,3.2,0.22,0.13,2.3329799849184,0.220804710500491,1.02136752136752,2.9136690647482,2.55765887290168,0.897119341563786,1.23961722488038,1.54022988505747,0.226047207446809,0.103366633855788,0.111410256410256,0.316598313966735,0.262678803641092,12.5668449197861,1.95652173913043,0.0251824944685448,0.0115740740740741,1.14746543778802,0.33820310124658,2.59036004375451,0.518072289156627,0.0535588280411106,0.96,0.100033587102553,0.284631613288954,0.00690638217210722
0.0148399605649843,51.8462162710489,0.899640143942423,17.50910099859,9.56608094687988,0.176483507779805,5.71083123425693,10.3694754857546,2.48701558130244,0.599340725202277,0.141639200648971,5.54,0.46,8.61,34.0,293.0,69.0,35.0,29.7603717716702,105.0,79.0,17.0,11.0295680870563,340.0,20.0,62.0,2.7,0.3985,175.0,8.0,18.305,2.56,11.785,3.0155,0.995,3.11773123378102,0.536524515900922,3.37,0.71,1.995,0.29991296568665,1.94,0.299,1.7,0.11,3.5,1.491,0.42,3.22035582944041,0.301455301455301,3.78184591914569,8.56462585034014,5.68726138094658,1.46203057494184,1.5796178343949,1.66718426501035,1.07506530272739,0.590560334805859,0.396459330143541,0.901151970222051,0.592530067753752,16.24,3.32738095238095,0.128891641583162,0.0638297872340426,2.36871508379888,0.624203821656051,6.57681940700809,0.806962901690323,0.100334448160535,1.59559775666264,0.238839688550492,0.18125,0.011388235966936
0.475631039587171,52.1379381663796,0.879882224825112,17.8516079636818,9.03012182794335,0.17,5.71907073681313,9.95940428803174,2.78841927070625,0.743083889548743,0.161684885858555,7.0515,0.81,10.0,29.8329953781548,245.089026063764,70.0,34.0,32.0,78.0,77.111,18.0,14.0,416.0,19.0,73.0,2.995,0.465,292.0,9.18334100493417,20.3,2.90229560872903,12.8,3.32,1.017,3.31600964986389,0.54,3.27095617669139,0.677890003899998,1.89,0.278,1.8,0.27,2.0955,0.19,4.495,1.73,0.547,3.62056669225585,0.364408457040036,4.62987496972069,10.7730496453901,6.89279672611826,1.7315213824784,1.81333333333333,1.78219299606695,1.54363782969672,0.804545454545455,0.488888888888889,1.0819124038783,0.678260869565217,16.3082089552239,3.8,0.153750774953503,0.0833333333333333,2.73105571847507,1.18840579710145,10.2258170224353,1.11397295556987,0.141001939629046,2.33523908523909,0.302441011062758,0.141935483870968,0.013308103858078
0.983317902628835,53.1831164377965,0.895913025971411,17.6226082320808,8.87288549942182,0.161461224488965,5.70806704707561,9.18561667189739,2.95136024386896,0.755850598470187,0.16102538114706,8.2,1.0,5.1,30.0,230.0,110.777,32.749,46.0,47.9471470412026,80.0,17.0,14.6,364.0,21.335,85.0,3.1,0.6,241.0,9.61,21.9,3.13760718229735,14.2,3.5625,1.155,3.9,0.63,3.844,0.8,2.24577583045247,0.334,2.14,0.324663535580188,2.485,0.205,4.965,1.395,0.5,3.78198410676536,0.407433733476216,4.37569988801792,10.3734439834025,6.51685393258427,1.64093178980819,1.77201924831235,1.77826086956522,1.40825320512821,0.645348837209302,0.456914893617021,1.04285714285714,0.642857142857143,14.0056838231587,3.875,0.137398608308972,0.063030303030303,2.61082367297132,1.03333333333333,7.0545860151355,1.5,0.18348623853211,3.3352435530086,0.454545454545455,0.136,0.0144075399671637
1.40786747303271,53.1621266714874,1.04870424523545,17.4053508329127,8.48840680664743,0.151258134914593,5.62757511807859,8.80195190794961,3.36100425187285,0.993876116855737,0.241193633525208,9.2,1.0,6.85,25.9,210.0,101.0,32.0,53.4639273437522,61.5,80.2,18.6590537453023,19.0,507.5,20.0650589617348,105.0,4.88164623737335,0.775,312.0,12.7,30.0,3.88832220052232,17.0,3.905,1.205,4.015,0.611334617263949,3.7,0.743895531008095,2.08,0.306077564076932,1.97,0.301,2.82,0.31,6.74707386234917,2.1,0.735,4.45904954499494,0.507042253521127,6.81214973035847,15.7313267445343,9.06076066790353,2.13571428571429,2.13217246234667,1.97707321386787,2.3,1.0,0.653333333333333,1.52285683089319,0.894736842105263,15.4705882352941,5.43190921228305,0.238095238095238,0.111926605504587,3.18421052631579,1.53452380952381,11.6856129064179,2.04724409448819,0.233183856502242,3.90045444407271,0.486994052106677,0.0994747209455023,0.0182812382481641
1.99626853843291,53.4555712270804,1.06037877514357,17.6982301769823,7.96677539483375,0.140639928984016,5.65980629539952,8.59888720283258,3.60477959634501,1.05822764456415,0.263164649651331,10.2241228647835,1.425,3.9,24.05,197.0,101.8,32.0,57.0,57.0,77.5828312702467,19.9764757065467,19.0,598.0,19.8,124.0,6.0,0.7788,344.0,16.0,33.0,4.68897766954002,19.615,4.37,1.38,4.38,0.64,3.85,0.763785084248953,2.07,0.294780622302137,1.884,0.28,3.28,0.39,5.81466666666667,2.35847461221829,0.8,4.68355708085192,0.544240805923049,8.69565217391305,18.8733333333333,10.912962962963,2.43181818181818,2.4288158500115,2.05263157894737,4.4071402145764,1.23810700327928,0.734079582007866,1.70325203252033,0.937759336099585,24.3181818181818,6.61805555555556,0.306512524084778,0.111764705882353,3.61038961038961,1.78709677419355,15.46875,2.55828186412128,0.308796570493838,4.3812146003776,0.505239192451174,0.0811011904761905,0.0187835500388015
2.4210870881206,54.5738800455629,1.05084067253803,17.420791578095,7.77564037663258,0.133758617141681,5.53028221333415,8.14925403451043,3.71,1.14314618108245,0.234330915197308,13.95,1.4,13.3,23.1,176.0,140.3949,30.0,62.75,36.0,83.045,18.9769,18.198,549.0,21.0,127.0,5.9348423577793,0.53821788247993,393.1145,15.6040116691628,33.25,4.38614285235924,18.3863530922922,4.1242684991909,1.3,4.066,0.64,3.79,0.742662063809866,2.07175774065286,0.298454057273536,1.92,0.29,3.30130588436103,0.465512735186418,5.70604404066972,1.94750520847204,0.546862285385806,4.92290408480526,0.612066133800504,9.05028754869159,19.2514774740917,10.7203904393264,2.39857244829885,2.27748691099476,2.06756637567609,3.87554403853536,0.99416721761404,0.836274360398435,1.77472390246653,0.976346531325579,18.2770935960591,6.79101647660851,0.301187754065041,0.0949244478884154,3.72492836676218,2.16205297022295,15.9096070296489,2.61692129526524,0.387949260042283,5.9742302174153,0.979274611398964,0.082381285458926,0.0200629532424939
2.99736143234731,56.4911848417804,0.917015168348074,16.5335072978462,7.08321257670457,0.121108164455643,5.58996368070102,7.21883395158989,3.90837595746825,1.45927036481759,0.23326558880196,15.7,1.82,9.58195781169476,20.35,182.0,186.0,27.5,77.0,30.07,79.38,19.2,32.0,540.0,18.9851827971191,131.5,5.49320852034424,1.08,475.5,16.5,35.0,4.49270431932487,18.75,4.01,1.205,3.66,0.536540070883478,2.9,0.589687099017112,1.585,0.22600227613257,1.45,0.204004251043838,3.9,0.5,7.27,3.7,1.18,5.39212992111833,0.74703576506787,10.828025477707,23.0571428571429,12.1306818181818,2.46987951807229,2.38002831415963,2.00428571428571,3.77897813929842,2.27962489343564,0.934640522875817,2.01222493887531,1.07728337236534,26.020077445159,7.42681623931624,0.336283888036788,0.180555555555556,4.0,3.27922999015287,24.3739768928462,3.5773850377488,0.433784255977637,9.26767676767677,1.12790697674419,0.0723271136878616,0.0229293399595234
3.60428130442416,56.8678976853669,0.758482242015023,16.1894176609297,7.02165427820928,0.121206000006121,5.79502481533756,7.57032500543257,3.64630815044274,1.3997900349937,0.222967622782357,9.6,1.495,17.0,20.07,177.0,235.0,27.3,81.0,49.0,82.0,20.0,26.675,629.2,15.045,102.0,4.355,1.32,551.01,19.0,38.17,4.73317892461231,19.56,4.0606921778278,1.15,3.46,0.509104545607802,2.76,0.562835325742279,1.4211666665,0.21283583733852,1.39893078221722,0.196435212693106,4.0,0.43,8.86,4.105,1.04,5.16617441507588,0.692032056715728,16.2002508361204,32.5742593305117,16.7319522582681,3.4360651214128,2.6371128963022,2.0625,3.46666666666667,3.50260869565217,1.3704406779661,2.75953565505804,1.44033898305085,32.5,7.47,0.29198717948718,0.288270377733598,4.62476547842402,3.10734463276836,26.1383928571429,4.5,0.397421427509137,11.5217391304348,1.27563625077592,0.066629671202815,0.0222008938879032
3.89841788779625,57.2882813515595,0.887096774193548,16.018398160184,6.92261185006046,0.110842402257154,5.53632548213347,7.16733870967742,3.63353398670314,2.02866370609608,0.231854838709677,12.7,1.08,,19.24,183.5,193.45,26.8947514987883,80.1196851821007,45.5,81.0,23.0,50.5,625.0,18.0,159.0,6.0,2.95,680.5,24.9,52.0,6.9160523866892,27.25,5.3,1.39,4.3,0.6,3.3,0.63,1.6,0.233149978311616,1.57851909347683,0.215,4.08,0.68,9.9,8.2,2.705,5.64194577352472,0.821997105643994,16.3939962476548,35.0278745644599,17.2,3.33059866962306,2.88461538461538,2.18333333333333,5.11075949367089,5.04176818656457,1.75,3.375,1.8125,33.0861902462578,9.00356125356125,0.444444444444444,0.382923610771712,5.09111721611722,3.62391967007352,33.1111111111111,4.45386064030132,0.41253651590441,10.2571585903084,0.946904399752127,0.0567632777844383,0.0266478446575526
4.47978327367337,56.4120157595117,1.11194896744081,16.5296028749541,7.17672765624259,0.115734130507339,5.86179431243106,7.42313125557024,3.53735797756803,1.68991065979455,0.277124038932507,13.2,,,18.8947368421053,189.0,208.5,27.3,77.0140362889421,41.0,87.0,23.0,39.5,588.5,19.0,150.139275766017,9.0,2.05,464.0,27.0,58.119145747471,7.42142999201221,30.0,6.29,1.6,5.5,0.718320870156356,3.8,0.69,1.84028268551237,0.252564730580826,1.65,0.21,4.9,0.97,9.7,7.4,1.6,5.27073328283425,0.725795260263631,20.4807692307692,43.5211267605634,19.7115384615385,4.14423076923077,3.45155326930033,2.45508982035928,6.58682634730539,4.12121212121212,1.38552631578947,3.02631578947368,1.58947368421053,30.4916666666667,9.33452555586689,0.527096552906877,0.283333333333333,4.95426829268293,2.51973684210526,26.0810810810811,3.89560314281992,0.336674283257565,12.0134158926729,0.860339147286822,0.0435729847494553,0.0252646665630394
4.76127970287956,53.9310224861105,1.6494763236496,16.0960861240066,7.99323151965126,0.111637419523375,5.08748862142207,7.6059472033984,4.22994541892964,2.51845858197633,0.778800445028826,12.0078377313903,,,16.15,198.0,62.0,25.0,58.0,65.0,128.0,24.0,47.0,1821.0,23.5,233.0,15.5,1.21,1789.0,39.3,100.352427184466,16.6069195498124,64.9055341916068,9.26353383458647,2.83886176123927,7.77931034482759,0.866135524991614,4.04,0.726893687707641,1.68478908188586,0.305,1.43,0.22,5.51485166872682,0.76,17.0,8.99,1.5,6.74669398845087,0.88110964332893,18.7142857142857,68.2331991844963,53.6889357281665,6.13403263403263,6.43493499152063,2.97202797202797,8.17646582223783,6.03045218617254,2.57947826086957,6.58097969991174,3.60869565217391,26.3614314928425,10.106884057971,0.666666666666667,0.382934782608696,5.76086956521739,9.05555555555556,64.812786259542,3.40323955985518,0.267676767676768,5.54567430025445,0.317460317460317,0.0388007054673721,0.0235741704396013
5.50486662887664,56.7204843592331,0.978809283551968,17.1342078708375,6.07467204843592,0.110998990918264,5.39858728557013,7.37638748738648,3.83451059535822,2.02825428859738,0.343087790110999,,,,,145.0,110.0,30.0,89.0,37.0,84.0,,48.0,858.0,26.0,223.0,13.0,,683.0,40.5,89.2,10.8,41.1,7.1,1.8,5.3,0.763095151097755,4.1,0.9,2.3,0.32605858276661,2.0,0.29,,,15.0,9.0,,5.8627648839556,0.794801641586867,20.25,44.6,20.55,3.55,2.65,2.05,6.5,4.5,1.55769230769231,3.43076923076923,1.58076923076923,33.0,8.57692307692308,0.5,0.346153846153846,5.70422535211268,4.71034482758621,,,0.613793103448276,,0.758620689655172,,0.0380023410871456
-0.967204918503019,51.6027502287184,0.747677451744023,17.1778543828098,9.82884701430642,0.186976207023425,6.71694399831495,11.4725755677266,2.08913374926943,0.462370546386391,0.141587865479961,3.52327205882353,0.21,5.95,43.8,283.0,108.031443859649,41.0,39.0,112.0,73.0,16.0,6.24471366548167,291.5,17.0,39.0,0.969052178326777,0.239710004758094,97.0,4.01908716070526,9.11,1.42,7.04,2.19,0.79,2.62,0.454322081045663,2.85715277052069,0.619527131052114,1.77564150919766,0.27,1.74,0.267783034112271,1.21515677514975,0.0723240281566595,2.01418257676428,0.34,0.154,2.67295796738632,0.22590206185567,2.26744186046512,5.61224489795918,4.28435908942352,1.27325581395349,1.48616600790514,1.63372093023256,0.527918781725888,0.193672558587711,0.226214267207867,0.534044554828027,0.428875968992248,7.55102040816326,2.17632481890965,0.0542431428980577,0.0190786488378898,1.78082191780822,0.326094740498586,2.25148123765635,0.693855205918173,0.1200128137923,2.04295197188598,0.344271113501882,0.228386554621849,0.0092459362646161
-0.523249114951792,52.0268210911308,0.684793554884189,16.9824775876121,9.77261243052046,0.18262987012987,6.64046755340589,11.6262482168331,1.84074036408014,0.262758969176352,0.0805234021137393,5.0,0.275,8.3,46.0,313.0,94.5,41.05,34.3,117.0,73.25,14.2515632913432,4.48,173.5,15.0,32.0,0.598,0.133757051814695,88.1,1.43,4.17849821405028,0.67,3.605,1.345,0.541,1.945,0.353,2.2532667176374,0.510587387697073,1.465,0.219490098049993,1.45,0.22,0.68,0.021,1.81445668413487,0.1855,0.099,2.06855201359049,0.177536231884058,1.2101394519765,2.95519801980198,2.39718181818182,0.867647058823529,1.2323571024335,1.53052866716307,0.472803347280335,0.156172137965449,0.147727272727273,0.347368421052632,0.265671641791045,15.2631578947368,2.03626943005181,0.0585106382978723,0.0184176673486186,1.32661490490522,0.247263541959023,1.71033210332103,0.720739219712526,0.0964630225080386,1.87510827371595,0.269896193771626,0.30175724248103,0.00801225852797381
0.0280133235697727,51.0911296993128,0.853621552468534,17.0729755658581,9.65386405521321,0.17320442479875,6.7466157914757,10.9913408006296,2.42681632654313,0.677660587275221,0.152648061437148,5.557,0.56,8.06,34.9,264.0,135.311215796332,36.0,55.5,102.0,78.0,16.6333980691849,12.0,373.55,18.1127018049866,69.0,3.2,0.36,187.5,8.32,18.35,2.56,12.0,3.1,1.0,3.11,0.51,3.15,0.66,1.85,0.274,1.8,0.27,1.892,0.159,3.27,1.33,0.4,3.22353104456698,0.29302770725071,4.23683843038682,9.56803002704642,6.20022565526818,1.57142857142857,1.72800715480563,1.72611464968153,1.24375,0.5625,0.426610169491525,0.944739583333333,0.630498475058061,17.3195246179966,3.65722615576843,0.159134615384615,0.0621064682312536,2.59259259259259,0.743267581475129,6.86140147115757,1.61764705882353,0.199332012280219,3.74285714285714,0.515185288381165,0.158333333333333,0.0120596919527424
0.475631039587171,51.4628281136293,0.885444849935214,17.3449710747996,9.15599475647877,0.170924448044428,6.67828143704287,10.4264019437326,2.5880565600527,0.678893504914378,0.161290322580645,8.16,0.71,9.95,33.0,240.0,157.0,37.9,53.0665,69.0654,75.445,17.0,13.0,364.0,19.15,70.0,2.995,0.46,239.406555175781,8.49,19.6,2.85381445714606,12.6,3.32,1.0635,3.355,0.538719950447942,3.25,0.68034897,1.93,0.281,1.825,0.275199181827955,1.99,0.2,3.4,1.6,0.471,3.27868852459016,0.322736030828516,4.27226615544373,9.70731707317073,6.33266041030118,1.62745098039216,1.69280921031708,1.76666798364315,1.52173913043478,0.854679802955665,0.438770053475936,0.991010470543246,0.620515997839418,16.0588235294118,3.85838972875621,0.155912515139605,0.0821892895836558,2.70582650298557,0.857142857142857,7.29268292682927,1.52658241815781,0.221310067585879,5.50128882862815,0.669260700389105,0.141935483870968,0.0134388887615534
1.01641616569375,51.8375149811071,0.932359861235075,17.1329573790291,9.14738235163933,0.161553577431323,6.77862031815631,9.48369147748969,3.02459594213667,0.712173382458913,0.178148470554892,6.9,0.995,4.0,30.0,224.0,196.0,35.757,72.0,47.8,80.0,18.0,14.0,406.0,21.0,87.0,3.57131017750891,0.484950518743867,239.947,9.57,22.3,3.22809586764082,14.4,3.65,1.22,3.97,0.64,3.875,0.8,2.23,0.315335267284391,1.98,0.3,2.6,0.23707751854293,4.05931676395981,1.32,0.474,3.84092405426659,0.398729485234835,4.86486486486487,11.417297979798,6.8348623853211,1.68076923076923,1.83613445378151,1.82554054054054,1.80646047354832,0.645348837209302,0.458181818181818,1.05483870967742,0.672131147540984,13.2380952380952,4.04761904761905,0.162195306716996,0.0627450980392157,2.60887457505815,1.02265752864157,7.3598615916955,2.14521452145215,0.298555627638715,6.25,0.847387941579937,0.12426992245504,0.0139698325567215
1.37804170832426,52.0752389561844,1.17100747022007,17.0289492136632,8.91739042617653,0.15998400159984,6.88403148378293,9.17192350055072,3.26241134751773,0.874227646428024,0.303152789005659,8.135,1.0,5.55,27.0,214.0,190.0,35.6,82.2,51.0,81.7,19.0,17.9,523.0,22.5977500255509,123.0,7.0,0.517451885135406,263.595932005696,14.177672444241,32.4057720771344,4.31510659993062,18.8294978360356,4.39,1.395,4.61045100212298,0.684503961637965,4.04402932515867,0.789,2.18,0.310486622073578,1.96462449704142,0.298142293275632,2.97110221582132,0.44,4.89,1.94560332689937,0.579584091778203,4.1771010718221,0.452991452991453,7.32255749344036,16.8047337278107,10.1634065934066,2.29317948717949,2.41480186480186,2.06818181818182,3.33333333333333,0.94145816855569,0.672397325692452,1.52083333333333,0.911578310903063,12.0833333333333,5.70017218591409,0.285714285714286,0.0883456509498193,3.12484848484848,1.39971054247371,10.4574527252503,2.85326086956522,0.364130434782609,6.37708730553982,0.880251070646311,0.0956175298804781,0.0184729973212166
1.96994009810088,52.6653624385611,1.07277350571072,17.1653429261962,8.21739330795432,0.142031043928173,6.85524210465404,9.03772338248201,3.44896544828276,1.01462740622835,0.263104634689334,11.0,1.41,3.5,25.35,193.0,190.0,35.9,104.0,57.0,78.0,20.0,19.0,569.0,22.0,135.0,7.0,0.73,320.0,17.0,34.0,4.7002989449605,20.59,4.79,1.495,4.69,0.69,4.24,0.8,2.18,0.314801379999075,1.965,0.29,3.4,0.525,5.0,2.6,0.86,4.53203106715726,0.499264255033358,9.65604125161139,20.4968944099379,11.3538807702063,2.58805632181751,2.58241758241758,2.1501527097095,5.48314606741573,1.42713567839196,0.826304929528757,1.72864871260756,0.985813547049829,21.1474716400692,6.625,0.372685185185185,0.128090909090909,3.69565217391304,1.70063694267516,13.9444444444444,3.81563882567459,0.49997369874543,7.83477114915785,1.01315789473684,0.0794117647058824,0.018762023349997
2.4210870881206,53.8303553090984,1.0284917213273,16.4944697989294,8.1291435563624,0.141199600744009,6.8931068931069,8.04410712643136,3.67969339286078,1.15942028985507,0.222807372898521,10.9,1.0,13.3,24.565,167.5,225.0,32.0,103.0,37.80725,79.0,19.0,20.2955423271714,523.0,21.2205,141.470111689088,7.33,0.607105371598478,335.0,17.58,36.0,4.5,19.08,4.415,1.48,4.38,0.69,4.27,0.795,2.275,0.32,2.0605,0.307744415861652,3.715,0.52,5.0,2.5,0.765,4.82578230716683,0.583116883116883,8.62363679468943,17.4018796992481,10.0,2.26429849936174,2.19279658617313,2.0625,4.09090909090909,1.09090909090909,0.796148202494498,1.71250857927248,0.909271523178808,21.2382352941176,6.86385701676964,0.345931392102114,0.100580548274544,3.6533479473894,1.80769230769231,13.3466666666667,4.16317991631799,0.622047244094488,9.39068100358423,1.31791907514451,0.083752357008171,0.0200587827421216
3.00482963110582,54.5493508727856,1.0135798146123,16.3019205512899,7.86638040464385,0.13216695243597,6.79714223685209,7.5423817560872,3.85023472413749,1.34073444401286,0.275394987811222,12.425,1.41,6.285,21.0,154.0,221.0,30.35,114.0,32.42,79.85,18.5981249764135,25.0,540.0,21.4,147.23,6.74,0.935,427.0,17.0,39.0,4.35058665380556,18.36,4.495,1.35,3.98,0.6,3.49315212867375,0.685,1.84,0.257364653837527,1.74,0.25,3.65,0.5,6.895,3.19,1.05,5.27961199463141,0.707317010979596,10.3835616438356,22.0,11.7910447761194,2.53996668263079,2.38715846994536,2.02847928553709,4.14917127071823,1.7289156626506,0.875,1.92221184899664,1.03086419753086,24.6041998936736,7.11111111111111,0.35,0.145491167358272,3.78970205789236,2.96078431372549,23.11004784689,4.55696202531646,0.58128078817734,10.5392156862745,1.48275862068966,0.0725556528520804,0.0225676070678656
3.60428130442416,55.7979101146393,0.756887677868604,15.6646050897293,7.37073707370737,0.122498979175174,6.7405632115039,7.88675429726997,3.48034803480348,1.33279072133483,0.216072634836494,8.5,0.83,13.6,21.15,190.0,301.0,31.05,128.0,36.8400527704486,87.0,20.685,23.0,660.0,14.855,98.3,3.95,1.125,525.0,21.0,43.04,5.46556447843667,22.15,4.45,1.21,3.46,0.479364529284276,2.57,0.492669063468967,1.3,0.197980769678772,1.342,0.185051768064903,3.805,0.855,6.92,4.35,1.3,4.84903019396121,0.611538461538462,16.5206611570248,32.6633165829146,16.8085106382979,3.31205673758865,2.61486486486487,1.97478991596639,3.27731092436975,3.0,1.42638028362935,2.94171003717472,1.52767243384674,31.0762790697674,7.05134294599944,0.296296296296296,0.295987040718651,4.71264367816092,2.81190969240871,24.5652173913043,5.64597815292949,0.635897435897436,13.2101957041553,1.54639175257732,0.0727611367127496,0.0212358145819086
3.97997149125189,53.4925497819349,1.30150368926144,15.6916650208507,8.38963961092214,0.131092708870613,6.66694828107672,7.99794951824044,3.17441467299327,1.48864361836938,0.222960696615551,14.6,,,22.25,207.5,245.0,35.6,102.0,74.2,92.5,23.0,35.0,498.0,20.76,114.5,5.815,1.3,438.0,24.3,48.0,6.27764491101182,26.0,5.1,1.395,4.41,0.715,4.045,0.75902357913578,2.01,0.29,1.87,0.27,4.4,0.75,7.0,5.85,1.8,4.70737370160071,0.592017909526015,14.5,30.5,14.2487046632124,2.8,2.42005494505495,2.10587147480351,3.68333333333333,3.57512953367876,1.31818181818182,2.77272727272727,1.36363636363636,24.6981818181818,7.1,0.292832080200501,0.302204374572796,4.90697674418605,1.60274200878655,20.0583717357911,4.82608695652174,0.488213399503722,11.0533254624164,1.19306282722513,0.0515384615384615,0.0230052932903334
4.30715586336569,55.0289051738866,1.21273370389085,15.55,7.2311974287739,0.120500835211372,6.68,7.30034226655564,3.2836477595099,2.18090452261307,0.341419033098888,14.2,,,18.1,178.5,277.5,31.7511539260645,121.0,48.0,93.5,23.5,49.0,634.0,20.5,191.0,15.5,1.55,522.0,35.9,74.05,9.02506781330838,35.0,6.56,1.6,5.3,0.718320870156356,3.908356545961,0.697305808257523,1.89,0.26,1.66318000801445,0.23,5.15,1.1,10.1,8.15,1.55,5.35678391959799,0.751763046544429,22.656491997935,48.4418706293706,22.7890535346819,4.33017318252218,3.45155326930033,2.45226401130324,9.39597315436242,4.51569588096534,1.73409090909091,4.0,1.83333333333333,34.6190476190476,10.1444444444444,0.775252525252525,0.283333333333333,5.40983606557377,3.01334128578604,31.4603174603175,6.23936471922859,0.700887996733805,17.1891891891892,1.79041916167665,0.0475,0.0269046470729827
4.9779001719037,52.9073288915809,1.278051725873,16.2676097633968,8.187592130885,0.141328487785181,6.90539308166563,8.27211432021737,3.98748233393903,1.77115829727282,0.372345778403945,12.2,,,17.3,,264.5,,93.45,,,,47.0,536.0,25.0,155.0,15.0,0.5,381.0,27.3,59.8,7.60152554282089,30.6,6.1,1.29,4.54,0.8,4.04,0.79,1.98,0.29,1.99,0.25,4.24,1.45,8.3,5.33,1.5,5.95753245446312,0.720194647201946,13.7185929648241,30.0502512562814,15.3768844221106,3.06532663316583,2.50828729281768,2.23204419889503,7.53768844221106,2.678391959799,1.19120654396728,2.56646216768916,1.22699386503067,25.32,7.41308793456033,0.674846625766871,0.2132,4.90526315789474,,20.9248554913295,5.40173410404624,,,,0.0589622641509434,0.0202295785652771
-0.946339291472973,50.5302494697505,0.693883952937087,16.7472601382728,9.46077843141985,0.18187329493786,7.58401766059188,11.9889172374639,2.05029794970205,0.446066504460665,0.121224366097586,3.52327205882353,0.28,14.0,45.7,280.0,162.934510573399,45.45,47.0,122.0,70.1848962736439,15.0,6.7,249.0,15.3742182256122,34.05,0.8,0.240350735294118,96.3,3.5,7.08106617647059,1.07126470588235,5.40198529411765,1.87501838235294,0.689694852941177,2.16,0.41,2.47,0.53,1.50222242647059,0.22376170212766,1.64571556541236,0.2425,1.02,0.052,2.0,0.42,0.17,2.51419302514193,0.211666666666667,2.30803285683806,4.75411528462872,3.86038186157518,1.22530445474922,1.43447540327956,1.62718846549949,0.552486187845304,0.250564401811802,0.232821881254169,0.536772594752187,0.404090909090909,9.17408906882591,1.92397186147186,0.0702883252549535,0.0242857142857143,1.76541095890411,0.306569343065693,1.17490494296578,0.794327006039689,0.166666666666667,2.67391304347826,0.520238095238095,0.235294117647059,0.00783756039654607
-0.523249114951792,52.0300133621132,0.70746492939692,16.265841732362,9.05872440796855,0.172553796183516,7.8045813906345,11.2986356745831,2.26537216828479,0.452802822301879,0.11165245635404,5.2,0.42,9.8,44.0,285.5,183.5,41.5,61.0,107.0,74.7,15.55,6.05,218.86145205024,16.55,44.75,1.3,0.3,106.190293110522,4.6710022494577,10.8,1.52346635893162,7.695,2.155,0.725,2.55283049743525,0.423159902626479,2.7,0.571509264754857,1.64,0.232,1.52486684277281,0.24,1.31221948172188,0.0798,2.6,0.431356907054265,0.21674393412194,2.91400616049233,0.252132701421801,2.84563758389262,6.53020134228188,4.39890710382514,1.25136612021858,1.52631578947368,1.66666666666667,0.763888888888889,0.271990794810634,0.250973084886128,0.544666666666667,0.437142857142857,16.2783802445724,2.84166666666667,0.0753424657534247,0.0256230382121349,1.99113475177305,0.322004806041881,2.13157894736842,1.02857142857143,0.167417591625736,4.01967592592593,0.610451036329996,0.192693156732892,0.0103022999214153
0.0403172119464622,50.7556801121009,0.90640873559023,16.4406083025072,9.68851132686084,0.17200452351661,7.86915130646141,10.0681423959126,2.53932353243549,0.767134349449884,0.180839009230074,6.05,0.87,4.315,34.0,243.9475,245.0,40.4,101.0,91.5,77.0,16.0,14.6,400.0,19.0,80.0,3.875,0.425,214.25,10.45,23.0,3.18,14.8,3.49,1.07,3.43881143442331,0.548,3.27,0.7,1.9,0.28,1.78,0.27,2.115,0.27,2.65,1.69,0.488,3.62417613816401,0.334125098970705,4.22053231939164,9.57377049180328,5.7163923392278,1.54210314262691,1.64185320145757,1.69963560645497,1.56411396940717,0.630866556124288,0.414179104477612,0.950119047619048,0.58389171803806,17.875,3.88888888888889,0.166923076923077,0.065538702783714,2.89708218700353,0.968511885379355,7.36686390532544,2.56745750708215,0.383783783783784,7.28345741148509,0.927306616961789,0.15586885567744,0.0134773555123781
0.481093866960995,51.3390390613587,0.918264416815494,16.7245086761737,9.02539145938633,0.168903184962996,7.73307809382098,10.0802604015699,2.65906628137981,0.758006893269908,0.17216567746513,9.035,0.71,8.45,35.8735,241.5,247.0,38.295,74.0,63.0,75.0,16.95,13.28,347.413,19.0,69.3385,3.0,0.4945,217.5,7.7,18.6,2.65,12.1,3.15070447372339,1.015,3.30658091140491,0.523163134382824,3.2,0.66,1.93,0.28,1.81,0.27,1.89,0.19,3.357,1.6,0.48,3.3890470679721,0.342724827224215,4.05555555555556,9.55823293172691,6.26810376222092,1.60260303687636,1.74305555555556,1.7984626262753,1.52542372881356,0.797687861271676,0.435828877005348,0.97618841832325,0.605882352941177,15.8823529411765,3.82819804091264,0.165,0.0801070578905629,2.71714285714286,0.754948303545972,6.31813212556614,1.90873786407767,0.282442748091603,6.77777777777778,1.03622796227962,0.143961352657005,0.0139244774536886
1.05172930278563,51.4430379746836,1.01828088699387,16.7070878149346,9.10274384137793,0.161338691589277,7.7919449504149,9.45806990216141,3.03122158229767,0.846593227254182,0.201278433138316,7.0,0.87,5.11,29.9,220.0,273.427,40.0,105.985607618196,47.0522981060715,80.0,18.0,14.443,456.0,21.32,102.0,3.96,0.4,248.0,10.8,24.8,3.44257877518577,15.9,3.71601063607398,1.27,3.9,0.64,3.89950168585757,0.789089759680304,2.162,0.31,1.919,0.288,2.61390569879518,0.24,3.255,1.565,0.464,3.8739310119072,0.403310197544047,5.43129218900675,13.0147058823529,7.61111111111111,1.94017094017094,1.90598290598291,1.86274509803922,2.02174786539427,0.725631768953069,0.52093023255814,1.18663537549407,0.725,13.1190476190476,4.87814494566985,0.201149425287356,0.0723342857142857,2.92261630584984,1.12798742138365,8.81014492292579,3.25878594249201,0.47741935483871,9.17926698989235,1.32014760848404,0.118811881188119,0.0153947570988399
1.45815455254252,50.9295412632706,1.17018057096742,16.7424012925376,9.08454927043774,0.160344741596157,7.8204851418331,9.56609485368315,3.04004300352222,0.832064941653983,0.302953800317942,8.145,1.0,4.1,28.4,204.649374093329,254.330713394743,40.9,115.0,52.0,80.0,18.5327701959996,15.9706497103862,478.0,23.4019862886119,123.0,6.5,0.490336502857143,239.0,13.3855687345227,29.4526795803429,4.19,19.0,4.68974269751443,1.50688268566203,4.7,0.71,4.23333920690196,0.820819538461538,2.24247127815106,0.32,2.01518307692308,0.3,3.12,0.52,4.0,1.7872627183755,0.545894503603069,4.04952806251903,0.416490486257928,7.22962515188457,16.4180790960452,9.63035714285714,2.27272727272727,2.42051282051282,2.06516435541859,4.03291679366047,0.871710526315789,0.630740798180314,1.35045513024335,0.848,11.2608695652174,5.3960396039604,0.284806295399516,0.0775,3.07531272887184,1.33093592743133,10.5124272871497,3.86706948640483,0.568468149496942,9.63982063824831,1.36118158753171,0.0955263340439015,0.0179587709884669
1.94353709384002,51.6842634489693,1.05750830899386,16.8950994738202,8.35595776772247,0.14998500149985,7.89843436370935,9.24664395912643,3.32930999798833,0.939583754293797,0.251029219801185,9.6,1.38,3.6,26.0,190.0,258.0,37.49,134.0,60.0,77.0,18.0,16.6,542.0,22.09,127.0,7.0,0.56,278.0,16.3825643685657,31.18,4.51653846174497,19.0,4.47,1.43,4.69,0.7,4.18,0.805,2.155,0.313145741498162,1.92987410365963,0.29,3.34559771442356,0.51,5.0,2.499,0.822,4.25159689165548,0.467058823529412,9.08130081300813,20.1662537847509,10.7178217821782,2.33333333333333,2.46700776287932,2.10526315789474,4.5802459105189,1.26760563380282,0.776728051936516,1.55,0.885581395348837,9.1358024691358,6.34285714285714,0.333333333333333,0.12495,3.81481481481482,1.43028986921726,11.8150684931507,5.33737860984266,0.68188894654904,11.044375,1.42001262626263,0.0831560283687943,0.0184795274709329
2.4210870881206,53.2056451612903,0.971943887775551,16.1705952856572,8.39453038596693,0.159201290251372,7.80262762009829,9.06155398587286,3.23103413349539,0.980091883614089,0.193990382161053,8.3,0.55,9.7,28.4,211.0,289.639,35.4,109.0,44.6755,78.0,17.26975,15.0,462.0,20.0,105.5,4.85,0.43,300.0,12.89,23.76,3.2241556935586,15.795,3.95,1.2,3.875,0.6,3.665,0.7385,2.105,0.31,1.99,0.3,3.1,0.331006346388503,4.0,1.52,0.58,4.30021360935212,0.465401785714286,6.86666666666667,14.7587668593449,8.7378640776699,2.01764475360047,2.06892655367232,1.95775777559932,3.20388349514563,0.672946009389671,0.67018883527277,1.33333333333333,0.802439024390244,25.2380952380952,5.88911839528706,0.257585621554499,0.0668896321070234,3.28970331588133,1.35324283559578,10.6428571428571,3.84212364652462,0.522368421052632,10.1535580524345,1.47520661157025,0.092436974789916,0.016682695576199
2.9299883550763,53.0525296847944,1.40894698706687,16.1755135202248,8.15985791855606,0.139748452784987,8.00121126030059,7.85188728080693,3.67738076931248,1.18571081550542,0.287181468839712,11.8,1.41,5.84,20.9,157.0,282.0,35.2,153.0,32.92,79.25,18.0,20.99,534.0,24.0,174.5,10.0,0.73,368.0,18.8,44.3,5.3,22.8,5.1,1.67,5.24,0.75,4.1272117827691,0.78,2.2,0.3,2.05,0.28,3.9,0.6,6.0,3.05,0.9,4.87493970582069,0.619651165063727,9.25531914893617,20.1052631578947,10.6785714285714,2.28052805280528,2.2140350877193,1.98290598290598,4.18032786885246,1.10393626777506,0.821928334546631,1.78357225572016,0.953084880052821,20.2832922029466,7.13555555555556,0.399065838392395,0.119538461538462,3.67647058823529,2.39473684210526,17.621359223301,7.5597600369174,0.958620689655172,12.3762376237624,1.76796371449033,0.076271186440678,0.0220945095876241
3.60428130442416,54.64,1.05809339709024,15.46,7.39362949220572,0.122185425628756,7.4895695532716,7.84632584612258,3.12591047233566,1.38,0.230030756237763,8.39,0.83,10.05,23.96,190.2,324.0,35.0,150.0,38.44,85.0,20.69,23.0,835.0,15.98,104.79,3.9,1.31,526.515,21.4,43.41,5.46556447843667,22.15,4.45,1.22,3.5,0.479364529284276,2.78,0.558575602904108,1.49,0.205310977943954,1.41,0.26,5.12,0.695,5.79,5.11,1.34,4.8,0.597593582887701,16.5206611570248,34.6774193548387,16.8085106382979,3.31205673758865,2.6999097159525,1.97529818378965,3.06950687251645,3.65546218487395,1.55755074264749,3.24836423118866,1.64385289431758,34.143005098789,7.30812474110894,0.293186316087079,0.358348388174727,4.7822966507177,2.86069030873219,24.9093095156304,6.63901234567901,0.812087912087912,14.1784037558685,1.60499587847386,0.0585608778223254,0.0213124630485267
3.86911451069235,54.109450726979,1.20081448600723,15.1823925005095,8.40276520184587,0.144259525028811,8.05482229733068,8.11112237655886,2.88548901794216,1.47014093075129,0.273183752301523,9.2,,,22.97,206.0,333.0,53.6,123.0,59.32,93.0,18.0,45.5,595.5,22.755,139.0,14.0,1.3,416.5,25.05,52.25,6.27764491101182,26.0,5.185,1.39,4.41,0.724477274385282,4.1,0.755,2.07,0.305,1.98,0.3,4.21,1.58,7.4,6.3,1.3,4.63907014681892,0.569461827284105,13.9047619047619,29.7738095238095,13.5,2.68112244897959,2.42005494505495,2.0742147922999,4.9645390070922,3.76436781609195,1.21739130434783,2.65217391304348,1.17391304347826,23.3478260869565,7.1304347826087,0.466666666666667,0.339913043478261,4.74988446251964,2.37323051948052,19.1121398355815,6.72932330827068,0.514408055712404,14.05,1.55801104972376,0.0857142857142857,0.0225098042862951
4.47976602435949,54.0713716017638,1.12237782962826,15.512017774187,7.35494119498991,0.131745076843559,7.78309377045026,8.0892095829064,3.0334535935899,1.98826378098764,0.341419033098888,15.4,,,18.0,154.18,342.645,28.3755769630323,148.045,33.0,89.0,23.0,49.0,673.0,21.0,181.0,17.0,0.819623713527118,522.0,31.4,68.2,7.895,30.9,5.97,1.46821524906598,4.775,0.675,3.65,0.71,1.89,0.27,1.67818000801445,0.24,3.89,0.87,8.5,4.6,1.4,5.27191154049754,0.722145804676754,20.6288981288981,45.8451143451143,20.9615384615385,4.08950103950104,3.10516658874552,2.32467423287095,9.74324324324324,2.5946164743979,1.48697600729186,3.21713985278654,1.55077146488167,32.6049783549784,8.20931349015843,0.772727272727273,0.200537747686868,4.9655285993367,7.44491330012913,39.3272962483829,9.80619768832204,0.920332964397713,19.5865052477747,2.5625,0.0542569659442725,0.0269536347513992
4.9779001719037,52.6617691456174,1.278051725873,15.4171279058066,8.09097313072356,0.14088759182852,7.80919794706652,8.27211432021737,4.1863741571903,1.77115829727282,0.372345778403945,,,,,,385.0,,129.0,,,,47.0,528.0,25.0,155.0,15.0,,381.0,27.3,59.8,7.60152554282089,30.6,6.1,,,0.8,,,,,1.99,,4.11,1.45,,5.33,,5.95753245446312,0.720194647201946,13.7185929648241,30.0502512562814,15.3768844221106,3.06532663316583,,,7.53768844221106,2.678391959799,1.092,2.392,1.224,21.12,6.2,0.6,0.2132,4.47540983606557,,,,,,,,0.0202295785652771
-1.07648217232204,49.734626086317,0.69468641009743,16.4265706282513,8.84471631631966,0.181671816726242,8.83746277369789,12.2544844180815,1.99170963502174,0.493328030359045,0.120462027287179,3.72625978892975,0.783717642495341,,44.0,280.0,289.0,40.45,75.0,104.0,65.0,14.0,5.59,240.0,13.5,33.0,1.0,0.15,123.0,6.78039914793129,5.555,0.861792242943541,4.38,1.49,0.51,1.8442241261504,0.355,2.09,0.48,1.405,0.203004119904784,1.505,0.196620914501067,0.87,0.130317758188644,2.0,0.8,0.21,2.54747699783727,0.211666666666667,2.30214557305812,3.71432729273145,3.16233766233766,1.06808838643371,1.4015785228713,1.58346861452654,0.495667554354307,0.348267202410849,0.486900260794482,0.370754133254133,0.327875637875638,15.2391233462561,1.81818181818182,0.0909090909090909,0.0727272727272727,1.93516260162602,0.201302931596091,1.17490494296578,1.21908893709328,0.200714285714286,3.52272727272727,0.587677725118483,0.235543725418747,0.00778889640081066
-0.422343362601287,50.682003257329,0.672440142638818,16.1043930457589,9.02688185708243,0.171969021217275,8.50001558505852,11.211040875455,2.28946041351488,0.485939049879821,0.112728018036483,5.77897066216496,0.782804040863122,10.5,43.6,280.1,335.0,41.0,73.0,95.1,69.0,15.9,6.23,336.5,15.0,47.3,1.47,0.31,121.5,5.43,11.6959142337253,1.65,8.0,2.225,0.77,2.66,0.422,2.595,0.523359193535015,1.5,0.219,1.475,0.22,1.34,0.095,2.57,0.717922939794303,0.1878,2.94370501024865,0.278716216216216,3.02145527753811,6.85479013739883,5.04961885940147,1.39130434782609,1.61111111111111,1.68333333333333,0.841176470588235,0.409090909090909,0.282187013117555,0.644444444444444,0.487862159789289,18.163949680863,3.02970297029703,0.0912698412698413,0.0380869565217391,2.09278512020052,0.436860068259386,3.19973280983145,1.37550844010576,0.233063391063272,7.11409395973154,1.05154639175258,0.18125,0.01115218058605
0.0555832179044618,49.5243680900729,0.997782705099778,15.9847573204974,9.83672646643822,0.17484315540471,8.66548757995709,10.0870974275876,2.73,0.759897051173899,0.232887808829486,6.06,0.88,4.04,35.025,253.0,292.5,46.0,116.5,86.0,75.0,17.0,14.3,404.0,20.0,96.87,4.5,0.395,259.0,11.25,25.5,3.48402215876394,15.6,3.67,1.27,3.79,0.63,3.735,0.7395,2.07,0.296,1.865,0.285,2.38,0.3,2.645,1.961,0.53,3.74118368598589,0.374755381604697,4.89566887134628,10.764857881137,6.7236893969255,1.72011206485455,1.81845726262074,1.76086435772033,1.72867867867868,0.832217261904762,0.453833107191316,1.01665851072506,0.704545454545455,19.7252747252747,3.94736842105263,0.185004752851711,0.0874524714828897,3.15030138051721,0.996551724137931,7.20718102872411,2.97144449753145,0.42022919212072,8.12195121951219,1.18095238095238,0.148366191767537,0.0134333684336832
0.434742195561419,51.0693374412164,0.906865391257675,15.7248157248157,8.8486574450773,0.163348647269015,8.86343081097377,9.86050902067019,2.81099867116426,0.846006647195085,0.173300791588063,7.27,0.645,8.0,34.9,247.619,333.5,39.9,114.0,73.0,77.5,17.0,13.3355,396.0,19.0,74.9856031105307,3.3,0.32,258.0,7.2,16.95,2.51221157790396,12.0,3.105,1.01,3.3,0.543,3.175,0.67,1.83374194863271,0.27195165733544,1.703,0.26,1.94,0.2,2.7965,1.21,0.391,3.63145288691841,0.368904876099121,4.18366077556623,9.62587412587413,6.82432432432433,1.7085020242915,1.83333333333333,1.84662484767365,1.79347826086957,0.59919028340081,0.417686597110754,0.932896379525593,0.648423926532638,16.3387466272973,3.85,0.1875,0.0526315789473684,2.47588401526668,0.933440973283793,6.94042873530388,2.89583638762645,0.47828125,9.45179846951521,1.39655041273314,0.137149044205496,0.0141621671352861
1.08325831227521,50.7253626813407,1.04724694888629,16.370430216118,8.96815493400696,0.16001600160016,8.79759519038076,9.47055202134209,3.03122158229767,0.868788157100093,0.231995158361912,7.38,0.8,7.915,30.0,218.5,349.0,41.55,140.5,51.0,77.0,17.1,15.6105519599804,490.0,21.0,101.0,5.0,0.465,265.0,11.0,24.85,3.48,15.9,3.75,1.26,3.88,0.63,3.71,0.75,2.1,0.3,1.9,0.28615691148351,2.46,0.28728625,3.5,1.755,0.5,3.92824932357952,0.410480349344978,5.58510638297872,13.0882352941176,7.63752101849628,1.96774193548387,1.90598290598291,1.86574074074074,2.21687342926291,0.864864864864865,0.530612244897959,1.22464285714286,0.757816711590297,16.6374371565533,5.04761904761905,0.261224489795918,0.0836203642518823,2.93103448275862,1.29609053497942,10.3946026097272,4.70820895522388,0.617569090591616,11.9672177717175,1.58563535911602,0.113553113553114,0.0154688184353992
1.47888924409241,50.1077174033386,1.06393861892583,16.2152120093535,9.1428351158233,0.161714176812077,8.78331170775527,9.90451036164161,2.82233502538071,0.824847250509165,0.269126710736332,7.80259308821847,0.97,4.4,29.5966760225164,210.593115555901,306.5,43.0,142.0,57.7118916117108,81.0,18.0,14.0,435.0,23.0,109.0,4.96361375,0.46,226.0,12.660385916757,27.5246523498401,4.186,19.0,4.58,1.43835,4.44456197086354,0.693140816718423,4.145,0.8,2.19836317593584,0.315343113636364,1.98012451634717,0.295393390655656,2.9276545840708,0.37,4.0,1.595,0.623961294398821,3.77032520325203,0.385772913816689,6.71476294682774,15.2365946632783,9.00182375152983,2.15,2.27095828166419,1.91370573870574,3.19573732718894,0.760634838318244,0.579316346816041,1.26338278999851,0.835398181971151,15.2788144309597,5.16778523489933,0.240201850294365,0.0719673024523161,3.0328073089701,1.28,10.5409836065574,5.05058381572733,0.733099669647893,12.1945406536127,1.58173076923077,0.1,0.0161239371127446
1.8645551153571,50.9284952260968,1.01135214953318,16.6298581183757,8.45198342483392,0.150549506074926,8.73856666259815,9.50901434887993,3.03060623367159,0.841472579120831,0.212581651093745,8.75,1.0,3.3,28.75,194.335,355.0,39.28,157.0,61.0,74.0,17.0,14.0,454.0,21.0,107.0,5.0,0.52,260.5,12.0,25.36,3.62144903908986,15.5,3.77,1.3,4.13412276103535,0.655,3.91,0.81,2.14,0.3,1.985,0.29,2.87,0.377,4.02,1.81,0.61,3.88657885270829,0.414614772192668,7.16494845360825,14.3665158371041,8.33333333333333,1.93665158371041,2.09374101984114,1.91228070175439,2.81094527363184,0.827606290040769,0.583333333333333,1.22168803418803,0.741384015594542,15.3684210526316,5.51971326164875,0.291258969341161,0.0791164658634538,3.56140350877193,1.17739312267658,8.95707070707071,5.41379310344828,0.771875,12.2408026755853,1.79617834394904,0.108761329305136,0.0180438778151629
2.4210870881206,53.028177122732,0.939904934306969,15.7312782847562,8.40652341745346,0.159657661707894,8.5201463714427,9.32178811996029,2.9982548916323,0.918072429078362,0.171678490298943,8.2,0.5,5.8,32.042,231.5,357.0,37.5,135.0,63.0,77.0,16.5,14.0,357.0,19.0,91.5,3.425,0.42,278.0,9.0,14.755,2.46,14.0,3.325,1.06,3.6515,0.56,3.5825,0.7,2.045,0.305,1.92,0.3,2.365,0.13,2.88,0.91,0.41,3.80949154239392,0.396128996375569,3.73076923076923,9.36046511627907,7.16708542713568,1.82608695652174,1.96124372184539,1.89191467100674,2.21049293222182,0.448665048543689,0.473684210526316,0.949836515135534,0.717414341222183,20.939226519337,5.19047619047619,0.189686924493554,0.0483815739689747,2.1635687732342,1.20876917712692,8.54375,3.55,0.599289195343591,10.6785714285714,1.68187272426349,0.103703703703704,0.0155327040046779
2.90438403114334,52.3132250041819,1.4305956193564,16.1173333310084,8.18058129039697,0.140604771383448,8.27006909961159,8.02604591481707,3.61297536536366,1.13138163231719,0.290224575076196,11.8,1.95,4.10371324227762,21.35,155.5,347.5,37.0,179.0,34.0,79.0,18.0,20.72788662259,537.0,24.5,176.0,10.0,0.835,360.5,21.4,46.15,5.05411684162943,20.72,4.48,1.49,4.53,0.7,4.38360589138455,0.865,2.535,0.34,2.2,0.32,4.74,0.8,5.24,3.0,0.9,4.71283548266104,0.589082446808511,9.25531914893617,19.9646643109541,10.6666666666667,2.27017543859649,2.20708342731123,1.96635338345865,4.21516393442623,1.10553956245896,0.8264984227129339,1.78233438485804,0.952681388012618,20.5454545454545,7.53566066066066,0.417166666666667,0.105217551648408,3.68627450980392,2.36094042712626,17.2128126371215,8.68657918423421,1.22433774834437,15.7399962814584,1.99706141052295,0.077512760159545,0.0231338926790212
3.57982561059422,52.6854668675431,1.25777997362181,14.8480007712314,7.49450965478827,0.131119122478579,8.81082117630984,7.91634213494718,3.05881829878531,2.30927041490577,0.567414096520094,17.6,,,25.02,225.0,332.0,58.0,208.0,42.173833335,94.93866665,20.69,53.0,823.5,24.5,211.0,18.25,0.7126666665,879.0,35.3,67.9,7.51,30.3,5.72,1.39,5.2,0.66,3.84,0.709,2.005666667,0.3,2.03,0.29,6.74,0.78,4.8835,8.3,1.2,5.46381206671074,0.671918456713415,18.7765957446809,36.1170212765958,16.1170212765957,3.04255319148936,2.76595744680851,2.04255319148936,6.64893617021277,4.04255319148936,1.87466808284652,3.60594795539034,1.60913436006373,32.304347826087,9.86029666666328,0.831917153478492,0.3875,6.17132867132867,4.31351351351351,17.006237006237,5.18505809174229,1.02155172413793,8.53332582108723,1.71551724137931,0.0428360413589365,0.0302900093878977
3.86911451069235,53.6128978447205,1.18857263359518,15.2071135360662,8.4383005986539,0.148266656940929,8.68631140407572,8.11119695415708,2.75432720702823,1.58726734782589,0.273828723085767,,,,24.205,218.0,384.0,59.0,165.5,41.62,90.0,17.9,44.0,682.5,23.0,145.5,14.7,1.65,373.5,25.8,48.5,6.17502715829249,24.5,5.25,1.38,4.2,0.73,4.1,0.76,2.2,0.32,2.0,0.3,3.98,1.76,6.9,6.0,1.25,4.42824830612607,0.528923221491349,10.8673469387755,22.7040816326531,11.1063829787234,2.45,2.1,2.0531914893617,8.51256281407035,2.69897959183673,0.776969696969697,1.68333333333333,0.8775,23.1521739130435,5.4,0.5,0.284782608695652,4.36190476190476,2.16463525835866,18.6778464254192,8.11533865901953,0.506484054518989,15.5529488407623,2.07357859531773,0.0830125832716506,0.0213555491389272
4.52011008194738,53.8718455989777,1.22320474677384,14.5727908419802,7.598524120775,0.12614778858619,9.01605787107209,7.5231747691091,3.04774401944089,2.8824449993179,0.299249051233294,19.1,,,18.3,,569.0,38.0,188.0,,,,38.0,734.5,19.925,159.0,10.6,1.8,1627.0,65.4,135.8,16.1277380036694,60.3,11.1,2.53,4.71,0.938,3.405,0.65,1.85,0.27,1.7,0.216,8.9,1.8,6.35,12.4,2.2,5.87991894555649,0.818356669677808,38.4705882352941,79.4146341463415,32.8780487804878,6.09756097560976,3.09594481605351,2.20723244147157,6.93478260869565,7.26829268292683,0.988235089223108,2.22290077453402,1.11693833158416,26.7816857006269,7.96901005738205,0.533551614315073,0.129043990887122,5.78761061946903,,83.4358974358974,12.5128205128205,,29.1089108910891,,0.0294565217391304,0.023699101472222
